0x01ffa9dc	__aeabi_uldiv	function
0x01ffa9e8	__aeabi_ulmod	function
0x01ffabe4	__aeabi_idiv	function
0x01ffadf0	__aeabi_uidiv	function
0x01ffb0d0	_ZNK12MeshCollider13GetUnkOctreeYEv	function
0x01ffb0ec	_ZNK12MeshCollider16GetOctreeOriginYEv	function
0x01ffb0fc	_ZN12MeshCollider10DetectClsnER11RaycastLine	function
0x01ffb830	_ZN12MeshCollider10DetectClsnER10SphereClsn	function
0x01ffd3f8	_ZN12MeshCollider10DetectClsnER13RaycastGround	function
0x01ffd890	_ZN12MeshCollider17GetTriangleOriginEsR7Vector3	function
0x01ffd8d8	_ZN12MeshCollider9GetNormalEsR7Vector3	function
0x01ffd920	_ZN12MeshCollider14GetSurfaceInfoEsR11SurfaceInfo	function
0x01ffd97c	_ZN3IRQ20UserInterruptHandlerEv	function
0x01ffdbd8	OSReadROMArea	function
0x01ffde00	DMAStartTransferFB	function
0x01ffde50	DMAStartTransfer	function
0x01ffe684	__aeabi_uldivmod	data
0x02004800	_start	function
0x020049f0	_ZN4CP1511SystemSetupEv	function
0x02004b00	OBJ_TO_ACTOR_ID_TABLE	data
0x02004ffc	DL_PTR_ARR_PTR	data
0x02005d94	_ZN8CapEnemy12Unk_02005d94Ev	function
0x02005f0c	_ZN8CapEnemy21DestroyIfCapNotNeededEv	function
0x02005fa0	_ZN8CapEnemy11GetCapStateEv	function
0x02006054	_ZN8CapEnemy15RespawnIfHasCapEv	function
0x020060f4	_ZN8CapEnemy16GetCapEatenOffItERK7Vector3	function
0x020061b0	_ZN8CapEnemy10ReleaseCapERK7Vector3	function
0x02006280	_ZN8CapEnemy14RenderCapModelEPK7Vector3	function
0x020062b8	_ZN8CapEnemy12UpdateCapPosERK7Vector3RK10Vector3_16	function
0x020063b0	_ZN8CapEnemy6AddCapEj	function
0x020064e0	_ZN8CapEnemy14UnloadCapModelEv	function
0x0200651c	_ZN8CapEnemyD2Ev	function
0x02006554	_ZN8CapEnemyC2Ev	function
0x02006590	ACTOR_SPAWN_TABLE	data
0x0200705c	_ZN6CameraD1Ev	function
0x02007098	_ZN6CameraD0Ev	function
0x02008c34	_ZN4cstd4finvEi	data
0x0200cb70	_ZN6Camera11ChangeStateEPNS_5StateE	function
0x0200cc5c	_ZN6Camera25SaveCameraStateBeforeTalkEv	function
0x0200ccac	_ZN6Camera6SetPosERK7Vector3	function
0x0200ccc8	_ZN6Camera9SetLookAtERK7Vector3	function
0x0200d048	_ZN6Camera9SetFlag_3Ev	function
0x0200d184	_ZN6Camera10LookAtExitER5Actor	function
0x0200d304	_ZN6Camera14GoBehindPlayerEj	function
0x0200d890	_ZNK6Camera12IsUnderwaterEv	function
0x0200d9d0	_ZN6Camera16CleanupResourcesEv	function
0x0200da00	_ZN6Camera16OnPendingDestroyEv	function
0x0200da04	_ZN6Camera6RenderEv	function
0x0200debc	_ZN6Camera8BehaviorEv	function
0x0200e338	_ZN6Camera13InitResourcesEv	function
0x0200e444	_ZN6CameraC1Ev	function
0x0200e748	ReadUnalignedInt	function
0x0200e768	ReadUnalignedShort	function
0x0200e780	ReadUnalignedUshort	function
0x0200e798	EndKuppaScript	function
0x0200e8d4	ProcessKuppaScript	function
0x0200eedc	StartIntroCutscene	function
0x0200ef04	RunKuppaScript	function
0x0200ef80	ContinueKuppaScriptIfNecessary	function
0x0200f04c	ResetKuppaScript	function
0x0200f450	SetNumPlayers	function
0x0200f470	_Z13CopyToViewMatPK9Matrix4x3	function
0x0200f558	Initialise3dGraphics	function
0x0200f658	_ZN5Actor17DetectRaycastClsnER7Vector3S1_b	function
0x0200f70c	_ZN5Actor22IsTooFarAwayFromPlayerE5Fix12IiE	function
0x0200f7a8	_ZN5Actor19MakeVanishLuigiWorkER12CylinderClsn	function
0x0200f874	_ZN5Sound20PlaySmallSecretSoundEP5ActorPt	function
0x0200f8f8	_ZN5Sound15PlaySecretSoundEP5ActorPt	function
0x0200f97c	_ZN5Actor13SpawnSoundObjEj	function
0x0200f9b8	_ZN5Actor24KillAndTrackInDeathTableEv	function
0x0200f9d4	_ZN5Actor19UntrackInDeathTableEv	function
0x0200f9e4	_ZN5Actor17TrackInDeathTableEv	function
0x0200f9f4	_ZN5Actor18GetBitInDeathTableEv	function
0x0200fac4	_ZN5Actor13LandingDustAtER7Vector3b	function
0x0200fb4c	_ZN5Actor15HugeLandingDustEb	function
0x0200fb84	_ZN5Actor17HugeLandingDustAtER7Vector3b	function
0x0200fc0c	_ZN5Actor11LandingDustEb	function
0x0200fd04	_ZN5Actor19DisappearPoofDustAtERK7Vector3	function
0x0200fd40	_ZN5Actor13SmallPoofDustEv	function
0x0200fd74	_ZN5Actor16TriplePoofDustAtERK7Vector3	function
0x0200fdc8	_ZN5Actor14TriplePoofDustEv	function
0x0200fdfc	_ZN5Actor10PoofDustAtERK7Vector3	function
0x0200fe3c	_ZN5Actor8PoofDustEv	function
0x0200fe70	UnloadBlueCoinModel	function
0x0200fe9c	LoadBlueCoinModel	function
0x0200fec8	_ZN5Actor17GetWaterHeightWDWEv	function
0x0200ff14	_ZN5Actor19UntrackAndSpawnStarERajRK7Vector3j	function
0x0200ff60	_ZN5Actor11UntrackStarERa	function
0x0200ff94	_ZN5Actor9TrackStarEjj	function
0x02010044	_ZN5Actor11SpawnNumberERK7Vector3jbtPS_	function
0x020100dc	_ZN5Actor25OnAimedAtWithEggReturnVecEv	function
0x02010124	_ZN5Actor16OnAimedAtWithEggEv	function
0x0201012c	_ZN5Actor19OnHitFromUnderneathERS_	function
0x02010130	_ZN5Actor15OnHitByMegaCharER6Player	function
0x02010134	_ZN5Actor24OnHitByCannonBlastedCharERS_	function
0x02010138	_ZN5Actor8OnPushedERS_	function
0x0201013c	_ZN5Actor8OnKickedERS_	function
0x02010140	_ZN5Actor11OnAttacked2ERS_	function
0x02010144	_ZN5Actor11OnAttacked1ERS_	function
0x02010148	_ZN5Actor15OnGroundPoundedERS_	function
0x0201014c	_ZN5Actor9Virtual50Ev	function
0x02010154	_ZN5Actor13OnTurnIntoEggER6Player	function
0x02010160	_ZN5Actor13OnYoshiTryEatEv	function
0x02010168	_ZN5Actor10EarthquakeERK7Vector35Fix12IiE	function
0x02010180	_ZN5Actor11UpdateCarryER6PlayerRK7Vector3	function
0x020102b0	_ZN5Actor13SpawnFireballERK7Vector3PK10Vector3_165Fix12IiES7_j	function
0x02010374	_ZN5Actor18FindExplosionActorER12CylinderClsn	function
0x020103b4	_ZN5Actor7FindEggER12CylinderClsn	function
0x020103f4	_ZN5Actor14GetSubtractionEss	function
0x02010428	_ZN5Actor12ReflectAngleE5Fix12IiES1_s	function
0x0201045c	_ZN5Actor15IsPlayerInRangeERK7Vector3i	function
0x02010498	_ZN5Actor15IsPlayerInRangeE5Fix12IiES1_S1_i	function
0x020104dc	_ZN5Actor15IsPlayerInRangeEi	function
0x02010518	_ZN5Actor24BumpedUnderneathByPlayerER6Player	function
0x0201054c	_ZN5Actor16JumpedOnByPlayerER12CylinderClsnR6Player	function
0x0201061c	_ZN5Actor15GivePlayerCoinsER6Playerhj	function
0x02010714	_ZN5Actor10SpawnCoinsERK7Vector3j5Fix12IiEs	function
0x020108c4	_ZN5Actor18ClosestWithActorIDEj	function
0x0201092c	_ZN5Actor18HorzAngleToFPlayerEv	function
0x02010958	_ZN5Actor14FarthestPlayerEv	function
0x0201097c	_ZN5Actor23HorzAngleToCPlayerOrAngEv	function
0x020109b8	_ZN5Actor18HorzAngleToCPlayerEv	function
0x020109e4	_ZN5Actor13DistToCPlayerEv	function
0x02010a08	_ZN5Actor22ClosestNonVanishPlayerEv	function
0x02010ad8	_ZN5Actor13ClosestPlayerEv	function
0x02010b9c	_ZN5Actor18DropShadowScaleXYZER11ShadowModelR9Matrix4x35Fix12IiES5_S5_j	function
0x02010be8	_ZN5Actor19DropShadowRadHeightER11ShadowModelR9Matrix4x35Fix12IiES5_j	function
0x02010c30	_ZN5Actor9UpdatePosEP12CylinderClsn	function
0x02010c5c	_ZN5Actor28UpdatePosWithHorzSpeedAndAngEv	function
0x02010d40	_ZN5Actor22UpdatePosWithOnlySpeedEP12CylinderClsn	function
0x02010e08	_ZN5Actor9SetRangesE5Fix12IiES1_S1_S1_	function
0x02010e2c	_ZN5Actor5SpawnEjjRK7Vector3PK10Vector3_16ii	function
0x02010ecc	_ZN5Actor4NextEPKS_	function
0x02010ef0	_ZN5Actor15FindWithActorIDEjPS_	function
0x02010f3c	_ZN5Actor10FindWithIDEj	function
0x02010f6c	_ZN5Actor11AfterRenderEj	function
0x02010f78	_ZN5Actor12BeforeRenderEv	function
0x02010fc8	_ZN5Actor13AfterBehaviorEj	function
0x02010fd4	_ZN5Actor14BeforeBehaviorEv	function
0x02011214	_ZN5Actor21AfterCleanupResourcesEj	function
0x02011220	_ZN5Actor22BeforeCleanupResourcesEv	function
0x02011244	_ZN5Actor18AfterInitResourcesEj	function
0x02011268	_ZN5Actor19BeforeInitResourcesEv	function
0x020112c8	_ZN5ActorD1Ev	function
0x02011314	_ZN5ActorD0Ev	function
0x02011374	_ZN5ActorD2Ev	function
0x020113c0	_ZN5ActorC1Ev	function
0x0201150c	_ZN5ActorC2Ev	function
0x02011cc8	DisableSoundPlayersForCredits	function
0x02011e28	Player_PlaySoundEffect	function
0x02011f30	_ZN5Sound21ResetPlayerVoiceGroupEv	function
0x02011fe8	_ZN5Sound21UnsetPlayerVoiceGroupEv	function
0x02011ffc	_ZN5Sound16LoadInitialGroupEi	function
0x0201200c	_ZN5Sound19LoadGroupAndSetBankEii	function
0x02012154	_ZN5Sound13PlayCharVoiceEjjRK7Vector3	function
0x02012328	_ZN5Sound8PlayLongEjjjRK7Vector3j	function
0x02012590	_ZN5Sound4PlayEjjRK7Vector3	function
0x0201264c	_ZN5Sound9PlayBank0EjRK7Vector3	function
0x02012664	_ZN5Sound9PlayBank3EjRK7Vector3	function
0x02012754	_ZN5Sound12PlayBank2_2DEj	function
0x02012768	_ZN5Sound12PlayBank3_2DEj	function
0x02012840	_ZN5Sound6Play2DEjj	function
0x020128c4	_ZN5Sound22StopLoadedMusic_Layer2Ev	function
0x02012940	_ZN5Sound22LoadAndSetMusic_Layer2Ej	function
0x02012998	_ZN5Sound8EndMusicEjj	function
0x02012a68	_ZN5Sound8SetMusicEjj	function
0x02012af8	_ZN5Sound22StopLoadedMusic_Layer3Ev	function
0x02012bbc	_ZN5Sound22LoadAndSetMusic_Layer3Ej	function
0x02012be0	_ZN5Sound7PlaySubEjjj5Fix12IiEb	function
0x02012d2c	_ZN5Sound17ChangeMusicVolumeEj5Fix12IiE	function
0x02012ee4	_ZN5Sound12UnpauseMusicEv	function
0x02012f90	_ZN5Sound10PauseMusicEv	function
0x02013050	_ZN5Sound22StopLoadedMusic_Layer1Ej	function
0x0201320c	_ZN5Sound22LoadAndSetMusic_Layer1Ei	function
0x02013548	GetLevelPart	function
0x02013558	SublevelToLevel	function
0x02013650	_ZN8SaveData21SetCoinRecordIfHigherEah	function
0x0201366c	_ZN8SaveData13GetCoinRecordEj	function
0x0201367c	NumStars	function
0x020136dc	CollectStarInLevel	function
0x020136f8	IsStarCollectedInLevel	function
0x02013714	CountStarsCollectedInLevelToDisplay	function
0x02013768	_ZN8SaveData26CountStarsCollectedInLevelEj	function
0x020137a8	CollectStar	function
0x020137e0	IsStarCollected	function
0x020137fc	OpenCannonInLevel	function
0x02013818	IsCannonOpenInLevel	function
0x02013834	OpenCannon	function
0x02013850	IsCannonOpen	function
0x02013910	_ZN8SaveData17SetCharacterIntroEi	function
0x0201392c	_ZN8SaveData19IsCharacterUnlockedEj	function
0x02013984	_ZN8SaveData22NumGlowingRabbitsFoundEv	function
0x02013ad4	_ZN8SaveData13PlayerLoseCapEv	function
0x02013b18	_ZN8SaveData16HasPlayerLostCapEv	function
0x02013b5c	_ZN8SaveData16CanPlayerHaveCapEv	function
0x02013b9c	_ZN8SaveData15SaveCurrentFileEv	function
0x02013be0	_ZN8SaveData13SaveMinigamesEP16MinigameSaveData	function
0x02013c0c	_ZN8SaveData16ReadMinigameDataEP16MinigameSaveData	function
0x02013c5c	_ZN8SaveData18SetDefaultValuesMgEP16MinigameSaveData	function
0x02013cd4	_ZN8SaveData13EraseSaveFileEjPc	function
0x02013d14	_ZN8SaveData8SaveFileEjP12FileSaveData	function
0x02013d54	_ZN8SaveData12ReadFileDataEjP12FileSaveData	function
0x02013dc4	_ZN8SaveData16SetDefaultValuesEP12FileSaveData	function
0x02013e0c	_ZN8SaveData16EraseAllSaveDataEv	function
0x02013e80	_ZN12ActorDerivedD1Ev	function
0x02013ea4	_ZN12ActorDerivedD0Ev	function
0x02013ee8	_ZN12ActorDerived5SpawnEjP9ActorBaseii	function
0x02013ef4	_ZN12ActorDerived18AfterInitResourcesEj	function
0x02014150	InitCrashScreen	function
0x02014214	ResetCrashScreen	function
0x02014244	ShowCrashScreen	function
0x02014620	nds_printt	function
0x0201470c	nds_printf	function
0x02014770	nds_print	function
0x020147d4	_ZN19CylinderClsnWithPos4InitERK7Vector35Fix12IiES4_jj	function
0x02014818	_ZN19CylinderClsnWithPos10GetOwnerIDEv	function
0x02014820	_ZN19CylinderClsnWithPos6GetPosEv	function
0x02014828	_ZN19CylinderClsnWithPosD0Ev	function
0x02014854	_ZN19CylinderClsnWithPosD1Ev	function
0x02014878	_ZN19CylinderClsnWithPosC1Ev	function
0x0201489c	_ZN25MovingCylinderClsnWithPos21SetPosRelativeToActorERK7Vector3	function
0x020148c8	_ZN25MovingCylinderClsnWithPos4InitEP5ActorRK7Vector35Fix12IiES6_jj	function
0x0201490c	_ZN18MovingCylinderClsn4InitEP5Actor5Fix12IiES3_jj	function
0x0201493c	_ZN18MovingCylinderClsn10GetOwnerIDEv	function
0x02014948	_ZN18MovingCylinderClsn6GetPosEv	function
0x02014954	_ZN18MovingCylinderClsnD2Ev	function
0x02014978	_ZN18MovingCylinderClsnD0Ev	function
0x020149a4	_ZN18MovingCylinderClsnD1Ev	function
0x020149c8	_ZN18MovingCylinderClsnC1Ev	function
0x020149f4	_ZN18MovingCylinderClsnC2Ev	function
0x02014a2c	_ZN25MovingCylinderClsnWithPos6GetPosEv	function
0x02014a34	_ZN25MovingCylinderClsnWithPosD0Ev	function
0x02014a60	_ZN25MovingCylinderClsnWithPosD1Ev	function
0x02014a84	_ZN25MovingCylinderClsnWithPosC1Ev	function
0x02014aa8	_ZN12CylinderClsn7ProcessEv	function
0x02014ff0	_ZN12CylinderClsn6UpdateEv	function
0x02015024	_ZN12CylinderClsn5ClearEv	function
0x02015040	_ZN12CylinderClsn4InitE5Fix12IiES1_jj	function
0x02015058	_ZN12CylinderClsnD2Ev	function
0x0201507c	_ZN12CylinderClsnD0Ev	function
0x020150a8	_ZN12CylinderClsnD1Ev	function
0x020150cc	_ZN12CylinderClsnC2Ev	function
0x020150e8	_ZN7Clipper13Func_020150E8ER7Vector35Fix12IiEPh	function
0x02015560	_ZN7Clipper13Func_02015560ER9Matrix4x3R7Vector35Fix12IiES3_	function
0x0201559c	_ZN7Clipper13Func_0201559CEv	function
0x020156dc	_ZN7Clipper13Func_020156DCEv	function
0x020156fc	_ZN7ClipperD0Ev	function
0x02015720	_ZN7ClipperD1Ev	function
0x02015730	_ZN7ClipperC1Ev	function
0x0201577c	_ZN15MaterialChanger7PrepareER8BMD_FileR8BMA_File	function
0x02015788	_ZN15MaterialChanger6UpdateER15ModelComponents	function
0x020157ac	_ZN15MaterialChanger7SetFileER8BMA_Filei5Fix12IiEj	function
0x02015800	_ZN15MaterialChangerD0Ev	function
0x0201582c	_ZN15MaterialChangerD1Ev	function
0x02015850	_ZN15MaterialChangerC1Ev	function
0x0201587c	_ZN18TextureTransformer7PrepareER8BMD_FileR8BTA_File	function
0x02015888	_ZN18TextureTransformer6UpdateER15ModelComponents	function
0x020158ac	_ZN18TextureTransformer7SetFileER8BTA_Filei5Fix12IiEj	function
0x02015900	_ZN18TextureTransformerD0Ev	function
0x0201592c	_ZN18TextureTransformerD1Ev	function
0x02015950	_ZN18TextureTransformerC1Ev	function
0x0201597c	_ZN15TextureSequence7PrepareER8BMD_FileR8BTP_File	function
0x02015988	_ZN15TextureSequence6UpdateER15ModelComponents	function
0x020159ac	_ZN15TextureSequence7SetFileER8BTP_Filei5Fix12IiEj	function
0x02015a00	_ZN15TextureSequenceD0Ev	function
0x02015a2c	_ZN15TextureSequenceD1Ev	function
0x02015a50	_ZN15TextureSequenceC1Ev	function
0x02015a7c	_ZN9Animation4CopyERKS_	function
0x02015a98	_ZNK9Animation12WillHitFrameEi	function
0x02015bcc	_ZN9Animation8FinishedEv	function
0x02015bec	_ZN9Animation8GetFlagsEv	function
0x02015bf8	_ZN9Animation8SetFlagsEi	function
0x02015c0c	_ZNK9Animation13GetFrameCountEv	function
0x02015c20	_ZN9Animation12SetAnimationEti5Fix12IiEt	function
0x02015c3c	_ZN9Animation7AdvanceEv	function
0x02015cb4	_ZN9AnimationD2Ev	function
0x02015cc4	_ZN9AnimationD0Ev	function
0x02015ce8	_ZN9AnimationD1Ev	function
0x02015cf8	_ZN9AnimationC1Ev	function
0x02015d18	_ZN9AnimationC2Ev	function
0x02015d38	_ZN11ShadowModel9RenderAllEv	function
0x02015e14	_ZN11ShadowModel8CleanAllEv	function
0x02015e64	_ZN11ShadowModel9InitModelEP9Matrix4x35Fix12IiES3_S3_j	function
0x02015ebc	_ZN11ShadowModel12InitCylinderEv	function
0x02015ed8	_ZN11ShadowModel10InitCuboidEv	function
0x02015ef4	_ZN11ShadowModel9DoSetFileEPcii	function
0x02015f80	_ZN11ShadowModelD0Ev	function
0x02015ff8	_ZN11ShadowModelD1Ev	function
0x02016068	_ZN11ShadowModelC1Ev	function
0x0201609c	_ZN11CommonModel13Func_0201609CEj	function
0x020160ac	_ZN11CommonModel13Func_020160ACEj	function
0x02016104	_ZN11CommonModel6RenderEPK7Vector3	function
0x02016144	_ZN11CommonModel9DoSetFileEPcii	function
0x020161b4	_ZN11CommonModelD0Ev	function
0x020161e0	_ZN11CommonModelD1Ev	function
0x02016204	_ZN11CommonModelC1Ev	function
0x02016254	_ZN10ModelAnim24CopyERKS_Pcj	function
0x020162c4	_ZN10ModelAnim213Func_020162C4Eji5Fix12IiEt	function
0x02016320	_ZN10ModelAnim2D0Ev	function
0x02016364	_ZN10ModelAnim2D1Ev	function
0x020163a0	_ZN10ModelAnim2C1Ev	function
0x020163e0	_ZN14BlendModelAnim7SetAnimER8BCA_Fileii5Fix12IiEt	function
0x0201647c	_ZN14BlendModelAnim7AdvanceEv	function
0x020164b0	_ZN14BlendModelAnim9Virtual18EjPK7Vector3	function
0x020164e4	_ZN14BlendModelAnim6RenderEPK7Vector3	function
0x02016518	_ZN14BlendModelAnim9Virtual10ER9Matrix4x3	function
0x02016578	_ZN14BlendModelAnim11UpdateVertsEv	function
0x02016604	_ZN14BlendModelAnim9DoSetFileEPcii	function
0x02016644	_ZN14BlendModelAnimD0Ev	function
0x02016690	_ZN14BlendModelAnimD1Ev	function
0x020166d4	_ZN14BlendModelAnimC1Ev	function
0x02016714	_ZN9ModelAnim4CopyERKS_Pc	function
0x02016748	_ZN9ModelAnim7SetAnimEP8BCA_Filei5Fix12IiEj	function
0x020167c4	_ZN9ModelAnim9Virtual18EjPK7Vector3	function
0x020167f8	_ZN9ModelAnim6RenderEPK7Vector3	function
0x0201682c	_ZN9ModelAnim9Virtual10ER9Matrix4x3	function
0x0201686c	_ZN9ModelAnim11UpdateVertsEv	function
0x0201689c	_ZN9ModelAnimD2Ev	function
0x020168d8	_ZN9ModelAnimD0Ev	function
0x0201691c	_ZN9ModelAnimD1Ev	function
0x02016958	_ZN9ModelAnimC1Ev	function
0x02016998	_ZN9ModelAnimC2Ev	function
0x02016a24	_ZN5Model12ShowMaterialEii	function
0x02016a58	_ZN5Model12HideMaterialEii	function
0x02016a8c	_ZN5Model14SetPolygonModeEi	function
0x02016a9c	_ZN9ModelBase12ApplyOpacityEj	function
0x02016abc	_ZN5Model12SetPolygonIDEi	function
0x02016b78	_ZN5Model6RenderEPK7Vector3	function
0x02016bb8	_ZN5Model9Virtual10ER9Matrix4x3	function
0x02016bf8	_ZN5Model9DoSetFileEPcii	function
0x02016c98	_ZN5Model11UpdateVertsEv	function
0x02016ca8	_ZN5ModelD2Ev	function
0x02016ce0	_ZN5ModelD0Ev	function
0x02016d20	_ZN5ModelD1Ev	function
0x02016d58	_ZN5ModelC1Ev	function
0x02016da8	_ZN5ModelC2Ev	function
0x02016df8	CleanCommonModelDataArr	function
0x02016f08	_ZN5Model23AddToCommonModelDataArrER8BMD_File	function
0x02016f9c	_ZN5Model14LoadAndSetFileEtii	function
0x02016fd4	_ZN9ModelBase7SetFileEP8BMD_Fileii	function
0x020170b8	_ZN9ModelBaseD2Ev	function
0x020170e8	_ZN9ModelBaseD0Ev	function
0x02017120	_ZN9ModelBaseD1Ev	function
0x02017150	_ZN9ModelBaseC1Ev	function
0x02017168	_ZThn80_N9AnimationD0Ev	function
0x02017178	_ZThn80_N9AnimationD1Ev	function
0x02017188	_ZThn80_N9AnimationD0Ev	function
0x02017198	_ZThn80_N9AnimationD1Ev	function
0x020171a8	_ZThn80_N9AnimationD0Ev	function
0x020171b8	_ZThn80_N9AnimationD1Ev	function
0x020172c0	_ZN9FaderWipe14LoadAndSetFileEt	function
0x020172d8	_ZN9FaderWipe11AdvanceFadeEv	function
0x02017418	_ZN9FaderWipeD0Ev	function
0x02017450	_ZN9FaderWipeD1Ev	function
0x02017480	_ZN9FaderWipeC1Ev	function
0x020174e0	_ZN10FaderColor11AdvanceFadeEv	function
0x02017574	_ZN5ColorD1Ev	function
0x02017598	_ZN10FaderColorD0Ev	function
0x020175c4	_ZN10FaderColorD1Ev	function
0x020175e8	_ZN5Fader13AdvanceInterpEv	function
0x02017610	_ZN15FaderBrightness10SetToStartEv	function
0x0201761c	_ZN15FaderBrightness8SetToEndEv	function
0x02017628	_ZN15FaderBrightness20IsBetweenStartAndEndEv	function
0x02017670	_ZN15FaderBrightness7IsAtEndEv	function
0x02017684	_ZN15FaderBrightness9IsAtStartEv	function
0x02017698	_ZN15FaderBrightness14SetForwardTimeEj	function
0x020176d8	_ZN15FaderBrightness15SetBackwardTimeEj	function
0x02017720	_ZN15FaderBrightness11AdvanceFadeEv	function
0x020177e8	_ZN15FaderBrightnessD0Ev	function
0x02017814	_ZN15FaderBrightnessD1Ev	function
0x02017848	_ZN5FaderD0Ev	function
0x0201786c	_ZN5FaderD1Ev	function
0x020178e4	_ZN15TextureSequence8LoadFileER13SharedFilePtr	function
0x0201794c	_ZN9Animation8LoadFileER13SharedFilePtr	function
0x0201799c	_ZN13SharedFilePtr9ConstructEj	function
0x02017a3c	_ZN5Model8LoadFileER13SharedFilePtr	function
0x02017a8c	_ZN13SharedFilePtr19ReallocateModelFileEv	function
0x02017afc	_ZN12MeshCollider8LoadFileER13SharedFilePtr	function
0x02017b64	_ZN13SharedFilePtr7ReleaseEv	function
0x02017bc4	_ZN13SharedFilePtr8LoadFileEv	function
0x02017c54	_ZN13SharedFilePtr4LoadEv	function
0x02017f34	UnloadOverlay	function
0x02018028	LoadOverlay	function
0x02018100	LoadCompressedFileAt	function
0x02018144	Deallocate	function
0x0201816c	LoadFile	function
0x020182ac	LoadFileAt	function
0x020187b0	UnloadArchives	function
0x020187f4	LoadTextNarcs	function
0x02018864	UnloadArchive	function
0x020188a8	LoadArchive	function
0x02018ad0	FS_LoadOverlay	function
0x02018ea0	_ZN5Scene14GraphCallback3Ev	function
0x02018ea8	_ZN5Scene14GraphCallback2Ev	function
0x02018eb0	_ZN5Scene14GraphCallback1Ev	function
0x02018eb8	_ZN5Scene14GraphCallback0Ev	function
0x02018f38	SetSubBg3Offset	function
0x02018f54	SetSubBg2Offset	function
0x02018f70	SetSubBg1Offset	function
0x02018f8c	SetSubBg0Offset	function
0x02018fa8	SetBg3Offset	function
0x02018fc4	SetBg2Offset	function
0x02018fe0	SetBg1Offset	function
0x02018ffc	SetBg0Offset	function
0x02019070	Enable3dEngines	function
0x02019510	SetSoundMode	function
0x02019574	GetSoundMode	function
0x02019584	_ZN5Timer7GetTimeEv	function
0x020195c0	_ZN5Timer9StopTimerEv	function
0x02019604	_ZN5Timer10StartTimerEv	function
0x02019638	_ZN5Timer10ResetTimerEv	function
0x02019664	TurnBacklightOff	function
0x02019698	TurnBacklightOn	function
0x02019740	Crash	function
0x0201a534	_ZN3IRQ13VBlankHandlerEv	function
0x0201a7dc	GetSceneOverlayID	function
0x0201a888	IsMinigameActorID	function
0x0201ab04	_ZN7Message7EndTalkEv	function
0x0201ab38	_ZN7Message11PrepareTalkEv	function
0x0201b5a8	_ZN7Message7AddCharEc	function
0x0201bbc8	_ZN7Message12UpdateWindowEv	function
0x0201c0b8	_ZN7Message6UpdateEv	function
0x0201cb7c	_ZN5Stage13UpdateMessageEv	function
0x0201ce10	_ZN7Message21DisplaySaveStatusTextEt	function
0x0201cf80	_ZN7Message21DisplayLevelClearTextEta	function
0x0201d018	_ZN7Message22DisplayOptionsMenuTextEt	function
0x0201d0f8	LoadControllerModeText	function
0x0201d304	_ZN7Message25DisplayControllerModeTextEt	function
0x0201e044	_ZN7Message16DisplayPauseTextEth	function
0x0201e12c	_ZN7Message19DisplayDontSaveTextEt	function
0x0201e314	_ZN7Message19DisplaySaveMenuTextEt	function
0x0201e36c	_ZN7Message11DisplayTextEt	function
0x0201e574	_ZN7Message7DisplayEj	function
0x0201e6bc	_ZN7Message28DisplayStarNameForStarSelectEj	function
0x0201e81c	_ZN7Message30DisplayCourseNameForStarSelectEj	function
0x0201eb94	_ZN7Message13DisplaySavingEt	function
0x0201fc10	ObjectMessageIDToActualMessageID	function
0x0201fcac	_ZN7Message15ResetAllGlobalsEv	function
0x0201fcd4	LoadFont	function
0x02020054	GetControllerMode	function
0x020203c4	WarpPlayer	function
0x02020414	IsPlayerWarping	function
0x02020884	_ZN3OAM16LoadAffineParamsEP7OamAttrPiP9Matrix2x2	function
0x0202096c	_ZN3OAM12GetObjHeightEii	function
0x02020980	_ZN3OAM11GetObjWidthEii	function
0x02020994	_ZN3OAM6RenderEbP7OamAttriiii5Fix12IiES3_ii	function
0x02021024	_ZN3OAM6RenderEbP7OamAttriiii5Fix12IiEi	function
0x020214a4	_ZN3OAM6RenderEbP7OamAttriiiiP9Matrix2x2	function
0x02021788	_ZN3OAM5ResetEv	function
0x02021864	_ZN3OAM5FlushEv	function
0x02021898	_ZN3OAM4LoadEv	function
0x0202194c	_ZN3OAM9RenderSubEP7OamAttrii	function
0x0202199c	_ZN3OAM9RenderSubEP7OamAttriiii	function
0x020219f0	_ZN3OAM12EnableSubOAMEv	function
0x02021b58	_ZNK8Particle10SysTracker8Contents8FindDataEj	function
0x02021e40	_ZN8Particle21CleanParticleCallback8OnUpdateERNS_6SystemEb	function
0x02021e70	_ZN8Particle12ClipCallback8OnUpdateERNS_6SystemEb	function
0x0202202c	_ZN8Particle16FitWaterCallback8OnUpdateERNS_6SystemEb	function
0x020220a4	_ZN8Particle24CheckWaterRippleCallback8OnUpdateERNS_6SystemEb	function
0x02022160	_ZN8Particle18CheckWaterCallback8OnUpdateERNS_6SystemEb	function
0x020221dc	_ZN8Particle25EndingStarGlitterCallback8OnUpdateERNS_6SystemEb	function
0x0202222c	_ZN8Particle25EndingStarGlitterCallback14SpawnParticlesERNS_6SystemE	function
0x020222f0	_ZN8Particle17CheckLavaCallback8OnUpdateERNS_6SystemEb	function
0x02022328	_ZN8Particle17CheckLavaCallback14SpawnParticlesERNS_6SystemE	function
0x02022418	_ZN8Particle22FitWaterSimpleCallback8OnUpdateERNS_6SystemEb	function
0x02022464	_ZN8Particle14BubbleCallback8OnUpdateERNS_6SystemEb	function
0x020224fc	_ZN8Particle14SplashCallback8OnUpdateERNS_6SystemEb	function
0x020225a8	_ZN8Particle13ScaleCallback8OnUpdateERNS_6SystemEb	function
0x020225d0	_ZN8Particle13ScaleCallback14SpawnParticlesERNS_6SystemE	function
0x02022630	_ZN8Particle14SimpleCallback8OnUpdateERNS_6SystemEb	function
0x02022640	_ZN8Particle14SimpleCallback14SpawnParticlesERNS_6SystemE	function
0x02022680	_ZN8Particle14SimpleCallbackC2Ev	function
0x020226c8	_ZN8Particle8Callback8OnUpdateERNS_6SystemEb	function
0x020226d0	_ZN8Particle8Callback14SpawnParticlesERNS_6SystemE	function
0x020226d4	_ZN8Particle19SetSelfDestructFlagEj	function
0x02022998	_ZN8Particle6System9NewRippleE5Fix12IiES2_S2_	function
0x02022aa8	_ZN8Particle6System12NewBigSplashE5Fix12IiES2_S2_	function
0x02022b58	_ZN8Particle20RunningSlidingDustAtE5Fix12IiES1_S1_	function
0x02022bb4	_ZN8Particle6System17NewUnkCallback818Ejj5Fix12IiES2_S2_PK11Vector3_16f	function
0x02022bf8	_ZN8Particle6System10NewWeatherEjj5Fix12IiES2_S2_PK11Vector3_16fj	function
0x02022d80	_ZN8Particle6System3NewEjj5Fix12IiES2_S2_PK11Vector3_16fPNS_8CallbackE	function
0x02022e68	_ZN8Particle6System12FromUniqueIDEj	function
0x02022e98	_ZN8Particle6System9NewSimpleEj5Fix12IiES2_S2_	function
0x02022ee0	_ZN8Particle9RenderAllEv	function
0x02022f20	_ZN8Particle10SysTracker6UpdateEv	function
0x02022f40	_ZN8Particle10SysTracker10InitialiseEv	function
0x020230d8	PARTICLE_SPA_FILE	data
0x020230ec	_ZN8Particle7Texture12AllocPalVramEjb	function
0x02023134	_ZN8Particle7Texture12AllocTexVramEjb	function
0x02023194	_ZN8Particle10SysTrackerD1Ev	function
0x02023204	_ZN8Particle10SysTrackerC1Ev	function
0x0202341c	LoadDebugFont	function
0x02023598	_ZN5SceneD2Ev	function
0x020235d4	_ZN5SceneD0Ev	function
0x02023688	_ZN5StageD2Ev	function
0x020236f0	_ZN5StageD0Ev	function
0x0202376c	_ZN5Stage9VE_UpdateEv	function
0x02023a80	_ZN5Stage7VE_InitEv	function
0x02023be0	_ZN5Stage20RenderBouncingArrowsEv	function
0x02023db8	_ZN5Stage9LC_RenderEv	function
0x020242c8	_ZN5Stage9LC_UpdateEv	function
0x02024c70	_ZN5Stage16CheckCameraInputEv	function
0x020250d0	_ZN5Stage12RenderNumberEhiibi	function
0x020251d0	_ZN5Stage9PS_RenderEv	function
0x02025d20	_ZN5Stage25PS_UpdateOkAndBackButtonsEb	function
0x02025e74	_ZN5Stage17PS_UpdateSaveMenuEb	function
0x02025f60	_ZN5Stage20PS_UpdateOptionsMenuEv	function
0x02026148	_ZN5Stage17UpdateMenuButtonsEb	function
0x02026290	_ZN5Stage10PS_CleanupEv	function
0x0202635c	_ZN5Stage9PS_UpdateEv	function
0x0202942c	_ZN5Stage7PS_InitEv	function
0x02029654	IsButtonInputValid	function
0x020297f4	_ZN5Stage14GraphCallback2EP12SceneRelated	function
0x02029838	_ZN5Stage14GraphCallback1Ev	function
0x02029854	UpdateMinimap	function
0x020298a0	StartEntranceFaderWipe	function
0x020298d8	StartExitCharacterWipe	function
0x020298fc	StartExitFaderWipe	function
0x02029934	FUN_02029934	function
0x02029980	FUN_02029980	function
0x020299f4	FUN_020299f4	function
0x02029a68	FUN_02029a68	function
0x02029ab0	FUN_02029ab0	function
0x02029b04	EnterBigBoosHaunt	function
0x02029b30	KillPlayer	function
0x02029b84	HitDeathPlane	function
0x02029bd4	ExitLevel	function
0x02029bf4	SetNextLevel	function
0x02029d1c	SetNextStar	function
0x02029dbc	DeathTable_ClearBit	function
0x02029e0c	DeathTable_SetBit	function
0x02029e58	DeathTable_GetBit	function
0x02029ea4	_ZN5Event8ClearBitEj	function
0x02029ec4	_ZN5Event6SetBitEj	function
0x02029ee0	_ZN5Event6GetBitEj	function
0x02029ef8	_ZN5Stage19RenderVsModeNewStarEv	function
0x0202a130	FUN_0202a130	function
0x0202a168	_ZN5Stage21RenderVsModeCountdownEv	function
0x0202a55c	NumVsStarsObtained	function
0x0202a5ac	GiveVsStars	function
0x0202a5c4	_ZN5Stage15IsPauseDisabledEv	function
0x0202a608	ClearSpikeBomb	function
0x0202a628	AddSpikeBomb	function
0x0202a660	SetStarMarker	function
0x0202a67c	OpenCannonInCurLevel	function
0x0202a694	IsCannonOpenInCurLevel	function
0x0202a6ac	CollectStarInCurLevel	function
0x0202a6c8	IsStarCollectedInCurLevel	function
0x0202a6e4	NumRedCoins	function
0x0202a734	GiveRedCoins	function
0x0202a770	NumCoins	function
0x0202a7b8	GiveCoins	function
0x0202a814	GiveHealth	function
0x0202a87c	InitControllerMode	function
0x0202a8b0	SetControllerMode	function
0x0202a93c	_ZN5Stage11GetSkyboxIDEv	function
0x0202a994	_Z23LoadMinimapChangeObjecti5Fix12IiEh	function
0x0202aa2c	HideArea	function
0x0202aa4c	ShowArea	function
0x0202aa6c	IsAreaShowing	function
0x0202aa88	ChangeArea	function
0x0202aac0	GiveLives	function
0x0202aaec	LoadLevel	function
0x0202acc0	LoadLevelNoReturn	function
0x0202acfc	SetPlayerGlobals	function
0x0202ad78	ExitMinigameMenu	function
0x0202adf4	StartMinigameMenu	function
0x0202ae2c	PrepareVsMode	function
0x0202ae88	StartFile	function
0x0202af08	StartWithFarCamera	function
0x0202af28	GetStarCameraSetting	function
0x0202af48	GetMinimapScale	function
0x0202af9c	GetMinimapID	function
0x0202b07c	GetTeleportDestObj	function
0x0202b0ac	GetViewObj	function
0x0202b0fc	_ZN5Stage10LoadSkyboxEv	function
0x0202b164	_ZN5Stage22RenderModelTransparentEv	function
0x0202b268	_ZN5Stage11RenderModelEv	function
0x0202b3d8	CopyTexPalFromLevelModel	function
0x0202b534	_ZN5Stage23LoadTextureTransformersEv	function
0x0202b5ec	_ZN5Stage9LoadModelEv	function
0x0202b67c	_ZN5Stage9RenderFogEv	function
0x0202b6f0	Geometry_WriteFogTable	data
0x0202b710	_ZN5Stage7LoadFogEv	function
0x0202b818	_ZN5Stage8CanPauseEv	function
0x0202b8a0	_ZN5Stage16OnPendingDestroyEv	function
0x0202b8a4	_ZN5Stage6RenderEv	function
0x0202bbbc	_ZN5Stage8BehaviorEv	function
0x0202c2ac	_ZN5Stage10CheckInputEv	function
0x0202c830	_ZN3Fog4InitEt5Fix12IiES1_	function
0x0202c8b8	SetTouchScreenDelay	function
0x0202c8f8	ResetInput	function
0x0202c9a8	_ZN5Stage16CleanupResourcesEv	function
0x0202cc0c	_ZN5Stage13InitResourcesEv	function
0x0202d690	_ZN5Stage14LoadGraphics2DEbi	function
0x0202ddc8	_ZN5Stage19BeforeInitResourcesEv	function
0x0202ddd4	IsLevelTinyHugeIslandOutside	function
0x0202ddf4	IsLevelInsideCastle	function
0x0202de24	GetSoundGroupID	function
0x0202de64	_Z19UnloadLevelOverlaysi	function
0x0202ded4	_Z17LoadLevelOverlaysi	function
0x0202df70	_Z26LoadOrUnloadObjectOverlaysPFviEi	function
0x0202e088	_ZN5StageC1Ev	function
0x0202e140	_ZN5SceneD1Ev	function
0x0202e170	_ZN5SceneD0Ev	function
0x0202e1b4	_ZN5Scene20SetAndStopColorFaderEv	function
0x0202e1e0	_ZN5Scene9SetFadersEP15FaderBrightness	function
0x0202e26c	_ZN5Scene16SpawnIfNecessaryEv	function
0x0202e300	_ZN5Scene18PrepareToSpawnBootEv	function
0x0202e348	_ZN5Scene14StartSceneFadeEjjt	function
0x0202e36c	_ZN5Scene15SetSceneToSpawnEjj	function
0x0202e398	_ZN5Scene11AfterRenderEj	function
0x0202e3a4	_ZN5Scene12BeforeRenderEv	function
0x0202e3c8	_ZN5Scene13AfterBehaviorEj	function
0x0202e3d4	_ZN5Scene14BeforeBehaviorEv	function
0x0202e5d0	_ZN5Scene21AfterCleanupResourcesEj	function
0x0202e5f0	_ZN5Scene22BeforeCleanupResourcesEv	function
0x0202e62c	_ZN5Scene18AfterInitResourcesEj	function
0x0202e638	_ZN5Scene19BeforeInitResourcesEv	function
0x0202e66c	_ZN5Scene19ResetFadersAndSoundEv	function
0x0202e6c8	_ZN5Scene20Initialise3dGraphicsEv	function
0x0202e73c	_ZN5Stage12SetVramBanksEv	function
0x0202e78c	_ZN2GX15DisableAllBanksEv	function
0x0202e7d4	_ZN5Scene22ResetHardwareRegistersEv	function
0x0202fc98	_ZN4ViewD1Ev	function
0x0202fcc8	_ZN4ViewD0Ev	function
0x0202fd0c	_ZN4View6RenderEv	function
0x0202fd4c	Quaternion_FromVector3	function
0x0202fef8	Quaternion_SLerp	function
0x020301c4	Matrix4x3_FromQuaternion	function
0x020301e8	Matrix3x3_FromQuaternion	function
0x02030450	Quaternion_Normalize	function
0x02032f04	_ZN7Message16SetTextGlobalsVSEv	function
0x020339c0	_ZN7Message17DisplayVsExitTextEt	function
0x02034358	_ZN7Message18DisplayPauseTextVSEt	function
0x02034954	LoadFont3D	function
0x020349e0	_ZN7Message10LoadTextVSEv	function
0x02035448	_ZN4BgCh19StartDetectingToxicEv	function
0x02035488	_ZN4BgCh18StopDetectingWaterEv	function
0x0203549c	_ZN4BgCh19StartDetectingWaterEv	function
0x020354bc	_ZN4BgCh21StopDetectingOrdinaryEv	function
0x02035564	_ZNK12WithMeshClsn15ShouldUpdatePosEv	function
0x02035578	_ZNK12WithMeshClsn16ShouldUpdatePosYEv	function
0x02035610	_ZNK12WithMeshClsn12TouchesWaterEv	function
0x02035620	_ZNK12WithMeshClsn14GetResultFlag1Ev	function
0x0203562c	_ZNK12WithMeshClsn8IsOnWallEv	function
0x0203565c	_ZNK12WithMeshClsn13GetWallResultEv	function
0x0203566c	_ZNK12WithMeshClsn14GetFloorResultEv	function
0x02035694	_ZNK12WithMeshClsn13GetLimMovFlagEv	function
0x020356a0	_ZN12WithMeshClsn15ClearLimMovFlagEv	function
0x020356b4	_ZN12WithMeshClsn13SetLimMovFlagEv	function
0x020356e8	_ZNK12WithMeshClsn10IsOnGroundEv	function
0x020356f4	_ZN12WithMeshClsn15ClearGroundFlagEv	function
0x02035708	_ZN12WithMeshClsn13SetGroundFlagEv	function
0x0203571c	_ZNK12WithMeshClsn13JustHitGroundEv	function
0x02035728	_ZN12WithMeshClsn22ClearJustHitGroundFlagEv	function
0x02035750	_ZN12WithMeshClsn19ClearAllGroundFlagsEv	function
0x02035820	_ZN12WithMeshClsn18StopDetectingWaterEv	function
0x02035840	_ZN12WithMeshClsn19StartDetectingWaterEv	function
0x0203589c	_ZN12WithMeshClsn12Unk_0203589cEv	function
0x020358ac	_ZN12WithMeshClsn20UpdateExtraContinousEv	function
0x02036318	_ZN12WithMeshClsn22UpdateContinuousNoLavaEv	function
0x020366b4	_ZN12WithMeshClsn16UpdateContinuousEv	function
0x02036ee4	_ZN12WithMeshClsn22UpdateDiscreteNoLava_2Ev	function
0x02037024	_ZN12WithMeshClsn20UpdateDiscreteNoLavaEv	function
0x02037388	_ZN12WithMeshClsn4InitEP5Actor5Fix12IiES3_P10Vector3_16S5_	function
0x020373f8	_ZN12WithMeshClsnD1Ev	function
0x02037430	_ZN12WithMeshClsnC1Ev	function
0x0203748c	_ZN13RaycastGround12SetObjAndPosERK7Vector3P5Actor	function
0x02037534	_ZN13RaycastGroundD1Ev	function
0x02037570	_ZN13RaycastGroundC1Ev	function
0x020375d0	_ZN11RaycastLine10GetClsnPosEv	function
0x02037670	_ZN11RaycastLine13SetObjAndLineERK7Vector3S2_P5Actor	function
0x02037764	_ZN11RaycastLineD1Ev	function
0x020377b0	_ZN11RaycastLineC1Ev	function
0x020378e4	_ZN10SphereClsn14SetFloorResultERK10ClsnResult	function
0x02037c00	_ZN10SphereClsn15SetObjAndSphereERK7Vector35Fix12IiEP5Actor	function
0x02037cb0	_ZN10SphereClsnD1Ev	function
0x02037d18	_ZN10SphereClsnC1Ev	function
0x02037dcc	_ZNK11SurfaceInfo12CopyNormalToER7Vector3	function
0x02037f4c	_ZNK10ClsnResult9GetClsnIDEv	function
0x02038018	_ZN10ClsnResultaSERKS_	function
0x0203806c	_ZNK10ClsnResult6CopyToERS_	function
0x02038144	_ZN10ClsnResultD1Ev	function
0x0203816c	_ZN10ClsnResultC1Ev	function
0x02038638	_ZN11RaycastLine10DetectClsnEv	function
0x02038b78	_ZN10SphereClsn10DetectClsnEv	function
0x02038f44	_ZN13RaycastGround10DetectClsnEv	function
0x02039140	_ZN16MeshColliderBase7DisableEv	function
0x02039184	_ZN16MeshColliderBase6EnableEP5Actor	function
0x020391f4	_ZN5Stage18ResetMeshCollidersEv	function
0x0203923c	_ZN16MeshColliderBase21UpdatePosWithVelocityERS_P5ActorR10ClsnResultR7Vector3P10Vector3_16S8_	function
0x0203929c	_ZN16MeshColliderBase16UpdatePosAndAngsERS_P5ActorR10ClsnResultR7Vector3P10Vector3_16S8_	function
0x020392f8	_ZN16MeshColliderBase25UpdateAngsWithAngularVelYERS_P5ActorR10ClsnResultR7Vector3P10Vector3_16S8_	function
0x02039348	_ZN16MeshColliderBase22UpdatePosWithTransformERS_P5ActorR10ClsnResultR7Vector3P10Vector3_16S8_	function
0x020393dc	_ZN16MeshColliderBase9IsEnabledEv	function
0x0203940c	_ZN16MeshColliderBase11GetVelocityER7Vector3	function
0x02039428	_ZN16MeshColliderBase14GetAngularVelYEv	function
0x02039430	_ZN16MeshColliderBase12TransformPosERK7Vector3RS0_	function
0x02039438	_ZN16MeshColliderBase10BeforeClsnER10ClsnResultP5ActorR7Vector3P10Vector3_16S7_	function
0x02039470	_ZN16MeshColliderBase10DetectClsnER10SphereClsn	function
0x02039478	_ZN16MeshColliderBase10DetectClsnER11RaycastLine	function
0x02039480	_ZN16MeshColliderBase10DetectClsnER13RaycastGround	function
0x02039488	_ZN4BgCh21ShouldPassThroughImplEPvRK4CLPSRKS_b	function
0x02039620	_ZN16MeshColliderBase9Virtual08Ev	function
0x02039668	_ZN16MeshColliderBaseD0Ev	function
0x0203968c	_ZN16MeshColliderBaseD2Ev	function
0x0203969c	_ZN16MeshColliderBaseC2Ev	function
0x020396d8	_ZN12MeshCollider9Virtual08Ev	function
0x020396f0	_ZN12MeshCollider7SetFileEP8KCL_FileR10CLPS_Block	function
0x02039760	_ZN12MeshCollider17UpdateFileOffsetsER8KCL_File	function
0x0203982c	_ZN12MeshColliderD0Ev	function
0x02039864	_ZN12MeshColliderD1Ev	function
0x02039894	_ZN12MeshColliderC1Ev	function
0x02039908	_ZN18MovingMeshCollider11GetVelocityER7Vector3	function
0x02039924	_ZN18MovingMeshCollider14GetAngularVelYEv	function
0x02039930	_ZN18MovingMeshCollider12TransformPosERK7Vector3RS0_	function
0x02039970	_ZN18MovingMeshCollider10DetectClsnER11RaycastLine	function
0x02039a3c	_ZN18MovingMeshCollider10DetectClsnER10SphereClsn	function
0x02039cb8	_ZN18MovingMeshCollider10DetectClsnER13RaycastGround	function
0x02039e60	_ZN18MovingMeshCollider17GetTriangleOriginEsR7Vector3	function
0x02039ec0	_ZN18MovingMeshCollider9GetNormalEsR7Vector3	function
0x02039f20	_ZN18MovingMeshCollider9TransformERK9Matrix4x3s	function
0x0203a1dc	_ZN18MovingMeshCollider9Virtual08Ev	function
0x0203a1e0	_ZN18MovingMeshCollider7SetFileEP8KCL_FileRK9Matrix4x35Fix12IiEsR10CLPS_Block	function
0x0203a444	_ZN18MovingMeshColliderD0Ev	function
0x0203a470	_ZN18MovingMeshColliderD1Ev	function
0x0203a494	_ZN18MovingMeshColliderC1Ev	function
0x0203a4dc	_ZN21ExtendingMeshCollider9GetNormalEsR7Vector3	function
0x0203a594	_ZN21ExtendingMeshCollider10DetectClsnER11RaycastLine	function
0x0203a660	_ZN21ExtendingMeshCollider10DetectClsnER10SphereClsn	function
0x0203a8fc	_ZN21ExtendingMeshCollider10DetectClsnER13RaycastGround	function
0x0203aa0c	_ZN21ExtendingMeshCollider9Virtual08Ev	function
0x0203aad8	_ZN21ExtendingMeshCollider9SetScaleYE5Fix12IiE	function
0x0203ab04	_ZN21ExtendingMeshCollider7SetFileEP8KCL_FileRK9Matrix4x35Fix12IiEsR10CLPS_Block	function
0x0203ab3c	_ZN21ExtendingMeshColliderD0Ev	function
0x0203ab68	_ZN21ExtendingMeshColliderD1Ev	function
0x0203ab8c	_ZN21ExtendingMeshColliderC1Ev	function
0x0203ac80	_ZN7PathPtr6FromIDEj	function
0x0203acdc	_ZNK7PathPtr7GetNodeER7Vector3j	function
0x0203ad34	_ZNK7PathPtr5LoopsEv	function
0x0203ad60	_ZNK7PathPtr8NumNodesEv	function
0x0203ad74	_ZN7PathPtrC1Ev	function
0x0203adbc	DecIfAbove0_Short	function
0x0203add4	DecIfAbove0_Byte	function
0x0203adec	_Z14ApproachLinearRsss	function
0x0203ae58	_Z14ApproachLinearRiii	function
0x0203aed8	_Z15ApproachLinear2Rsss	function
0x0203af34	_Z15ApproachLinear2Riii	function
0x0203af90	_Z11UpdateAngleRssis	function
0x0203b008	ApproachAngle	function
0x0203b0e8	AngleDiff	function
0x0203b0fc	Math_Function_0203b0fc	function
0x0203b14c	Math_Function_0203b14c	function
0x0203b4ac	_ZN9ActorBase9SceneNode5ResetEv	function
0x0203b4c4	_ZN9ActorBase9SceneNodeC1Ev	function
0x0203b4dc	_ZN4cstd5atan2E5Fix12IiES1_	function
0x0203b6a4	Vec3_RotateYAndTranslate	function
0x0203b770	Vec3_VertAngle	function
0x0203b7ac	Vec3_HorzAngle	function
0x0203b7dc	Vec3_ApproachHorz	function
0x0203b89c	_Z14ApproachLinearR7Vector3RKS_5Fix12IiE	function
0x0203b990	RandomIntInternal	function
0x0203bd28	Matrix4x3_FromRotationZ	function
0x0203bd6c	Matrix4x3_FromRotationY	function
0x0203bdb0	Matrix4x3_FromRotationX	function
0x0203bdf4	Matrix4x3_FromRotationZXYExt	function
0x0203be9c	Matrix4x3_FromRotationXYZExt	function
0x0203bf44	Matrix4x3_FromTranslation	function
0x0203bf90	Matrix4x3_ApplyInPlaceToRotationZ	function
0x0203bfc0	Matrix4x3_ApplyInPlaceToRotationY	function
0x0203bff0	Matrix4x3_ApplyInPlaceToRotationX	function
0x0203c020	Matrix4x3_ApplyInPlaceToRotationZXYExt	function
0x0203c0b4	Matrix4x3_ApplyInPlaceToRotationXYZExt	function
0x0203c148	Matrix4x3_ApplyInPlaceToScale	function
0x0203c184	Matrix4x3_ApplyInPlaceToTranslation	function
0x0203c1b4	_ZN6Memory10DeallocateEPv	function
0x0203c1c4	_ZN6Memory8AllocateEj	function
0x0203c1d8	_ZN6Memory8AllocateEji	function
0x0203c1e8	_ZN6Memory10DeallocateEPvP4Heap	function
0x0203c210	_ZN6Memory8AllocateEjiP4Heap	function
0x0203c24c	_ZN4Heap18InitializeGameHeapEjPS_	function
0x0203c274	_ZN4Heap7_SizeofEPv	function
0x0203c280	_ZN4Heap11_DeallocateEPv	function
0x0203c28c	_ZN4Heap8AllocateEj	function
0x0203c29c	_ZN4Heap9_AllocateEji	function
0x0203c2a8	_ZN4Heap20RestoreFromTemporaryEv	function
0x0203c2d8	_ZN4Heap28InitializeSolidHeapAsDefaultEjPS_i	function
0x0203c2e4	_ZN4Heap23SetupSolidHeapAsDefaultEjPS_i	function
0x0203c324	_ZN4Heap10SetDefaultEv	function
0x0203c33c	_ZN9SolidHeap12VResizeToFitEv	function
0x0203c388	_ZN13ExpandingHeap12VResizeToFitEv	function
0x0203c390	_ZN4Heap11ResizeToFitEv	function
0x0203c3d8	_ZN9SolidHeap10VGetNodeIDEv	function
0x0203c3e0	_ZN13ExpandingHeap10VGetNodeIDEv	function
0x0203c3f0	_ZN9SolidHeap10VSetNodeIDEj	function
0x0203c3f8	_ZN13ExpandingHeap10VSetNodeIDEj	function
0x0203c408	_ZN4Heap9SetNodeIDEj	function
0x0203c428	_ZN9SolidHeap7VSizeofEPv	function
0x0203c444	_ZN13ExpandingHeap7VSizeofEPv	function
0x0203c454	_ZN4Heap6SizeofEPv	function
0x0203c49c	_ZN9SolidHeap14VDeallocateAllEv	function
0x0203c4b0	_ZN13ExpandingHeap14VDeallocateAllEv	function
0x0203c4cc	_ZN22ExpandingHeapAllocator16InvokeDeallocateEPvPS_j	function
0x0203c4e4	_ZN9SolidHeap11VDeallocateEPv	function
0x0203c50c	_ZN13ExpandingHeap11VDeallocateEPv	function
0x0203c538	_ZN4Heap10DeallocateEPv	function
0x0203c558	_ZN9SolidHeap11VReallocateEPvj	function
0x0203c568	_ZN13ExpandingHeap11VReallocateEPvj	function
0x0203c578	_ZN4Heap10ReallocateEPvj	function
0x0203c598	_ZN9SolidHeap11VMemoryLeftEv	function
0x0203c5ac	_ZN13ExpandingHeap11VMemoryLeftEv	function
0x0203c5bc	_ZN9SolidHeap19VMaxAllocatableSizeEv	function
0x0203c5d0	_ZN13ExpandingHeap19VMaxAllocatableSizeEv	function
0x0203c5e4	_ZN9SolidHeap22VMaxAllocationUnitSizeEv	function
0x0203c5f8	_ZN13ExpandingHeap22VMaxAllocationUnitSizeEv	function
0x0203c60c	_ZN4Heap21MaxAllocationUnitSizeEv	function
0x0203c62c	_ZN9SolidHeap7VRescueEv	function
0x0203c630	_ZN13ExpandingHeap7VRescueEv	function
0x0203c634	_ZN4Heap6RescueEv	function
0x0203c654	_ZN9SolidHeap7VIntactEv	function
0x0203c65c	_ZN13ExpandingHeap7VIntactEv	function
0x0203c664	_ZN4Heap6IntactEv	function
0x0203c6ac	_ZN9SolidHeap9VAllocateEjj	function
0x0203c6bc	_ZN13ExpandingHeap9VAllocateEji	function
0x0203c6cc	_ZN4Heap8AllocateEji	function
0x0203c70c	_ZN9SolidHeap8VDestroyEv	function
0x0203c72c	_ZN13ExpandingHeap8VDestroyEv	function
0x0203c74c	_ZN4Heap8_DestroyEv	function
0x0203c758	_ZN4Heap7DestroyEv	function
0x0203c7a0	_ZN4Heap15CreateSolidHeapEjPS_i	function
0x0203c844	_ZN4Heap19CreateExpandingHeapEjPS_i	function
0x0203c8e8	_ZN4Heap14CreateRootHeapEPvj	function
0x0203c970	_ZN9SolidHeapD0Ev	function
0x0203c99c	_ZN9SolidHeapD1Ev	function
0x0203c9c0	_ZN13ExpandingHeapD0Ev	function
0x0203c9ec	_ZN13ExpandingHeapD1Ev	function
0x0203ca10	_ZN4HeapD2Ev	function
0x0203ca20	_ZN4HeapD0Ev	function
0x0203ca44	_ZN4HeapD1Ev	function
0x0203ca54	_ZN9SolidHeapC1EPvjP4HeapP18SolidHeapAllocator	function
0x0203ca80	_ZN13ExpandingHeapC1EPvjP4HeapP22ExpandingHeapAllocator	function
0x0203caac	_ZN4HeapC1EPvjP4Heap	function
0x0203cae8	_ZN4Heap18InitializeRootHeapEv	function
0x0203cb04	_ZN4Heap13SetupRootHeapEv	function
0x0203cbcc	_ZN6Memory16operator_delete2EPv	function
0x0203cbd8	_ZN6Memory13operator_new2Ej	function
0x0203cbe4	_Znwj	function
0x0203cbf0	_ZdlPv	function
0x0203cc0c	_Znwj	function
0x0203ce2c	NormalizeVec3IfNonZero	function
0x0203cf40	Vec3_HorzDist	function
0x0203cf78	Vec3_HorzLen	function
0x0203cfdc	Vec3_Dist	function
0x0203d064	Vec3_Equal	function
0x0203d0a0	Vec3_LslInPlace	function
0x0203d0d0	Vec3_Lsl	function
0x0203d108	Vec3_AsrInPlace	function
0x0203d138	Vec3_Asr	function
0x0203d170	Vec3_DivScalarInPlace	function
0x0203d224	Vec3_MulScalarInPlace	function
0x0203d290	Vec3_MulScalar	function
0x0203d2fc	Vec3_Sub	function
0x0203d340	Vec3_Add	function
0x0203d744	_ZN4cstd4sqrtEy	function
0x0203d880	GetOwnerLanguage	function
0x0203db24	GetAngleToCamera	function
0x02042804	_ZN8SaveData16ReadDataFromCartEPcjj	function
0x02042c3c	_ZN8SaveData14SaveDataToCartEPcjj	function
0x02043444	_ZN9ActorBasenwEj	function
0x02043494	_ZN9ActorBase13OnHeapCreatedEv	function
0x0204349c	_ZN9ActorBase9Virtual38Ejj	function
0x0204357c	_ZN9ActorBase9Virtual34Ejj	function
0x02043824	_ZN9ActorBase18MarkForDestructionEv	function
0x02043ac0	_ZN9ActorBase16OnPendingDestroyEv	function
0x02043ac4	_ZN9ActorBase11AfterRenderEj	function
0x02043ac8	_ZN9ActorBase12BeforeRenderEv	function
0x02043af0	_ZN9ActorBase6RenderEv	function
0x02043af8	_ZN9ActorBase13AfterBehaviorEj	function
0x02043afc	_ZN9ActorBase14BeforeBehaviorEv	function
0x02043b24	_ZN9ActorBase8BehaviorEv	function
0x02043b2c	_ZN9ActorBase21AfterCleanupResourcesEj	function
0x02043bac	_ZN9ActorBase22BeforeCleanupResourcesEv	function
0x02043bf0	_ZN9ActorBase16CleanupResourcesEv	function
0x02043bf8	_ZN9ActorBase18AfterInitResourcesEj	function
0x02043c78	_ZN9ActorBase19BeforeInitResourcesEv	function
0x02043c80	_ZN9ActorBase13InitResourcesEv	function
0x02043c88	_ZN9ActorBase7ProcessEMS_FivEMS_FbvEMS_FvjE	function
0x02043d48	_ZN9ActorBaseD1Ev	function
0x02043d78	_ZN9ActorBaseD0Ev	function
0x02043dbc	_ZN9ActorBaseD2Ev	function
0x02043dec	_ZN9ActorBaseC1Ev	function
0x020443c8	_ZN15ModelComponents6RenderEP9Matrix4x3P7Vector3	function
0x0204504c	_ZN15ModelComponents21UpdateVertsUsingBonesEv	function
0x02045394	_ZN15ModelComponents11UpdateBonesEP8BCA_Filei	function
0x020458e0	_ZN5Model13LoadTexAndPalER8BMD_File	function
0x02045b58	_ZN5Model27LoadCompressedTextureToVramEPcjPc	function
0x02045c10	_ZN5Model17LoadTextureToVramEPcj	function
0x02045c60	_ZN5Model13GetVramOffsetEj	function
0x02045d20	InitialiseVramGlobals	function
0x020465fc	_ZN5Model17UpdateFileOffsetsER8BMD_File	function
0x020468a0	_ZN15TextureSequence17UpdateFileOffsetsER8BTP_File	function
0x020469ac	_ZN9Animation17UpdateFileOffsets_ZN9AnimationER8BCA_File	function
0x02048eb4	_ZN5Sound13Func_02048eb4Ev	function
0x02048ec4	_ZN5Sound13Func_02048ec4Ev	function
0x02048ee4	_ZN5Sound13Func_02048ee4Ev	function
0x02049e0c	_ZN8Particle7Manager9AddSystemEiR7Vector3	function
0x0204d4d0	_ZN8Particle14RadiusConverge4FuncERNS_10EffectDataEPcR7Vector3	function
0x0204d57c	_ZN8Particle10LimitPlane4FuncERNS_10EffectDataEPcR7Vector3	function
0x0204d680	_ZN8Particle4Turn4FuncERNS_10EffectDataEPcR7Vector3	function
0x0204d758	_ZN8Particle8Converge4FuncERNS_10EffectDataEPcR7Vector3	function
0x0204d7ec	_ZN8Particle6Jitter4FuncERNS_10EffectDataEPcR7Vector3	function
0x0204d8b0	_ZN8Particle12Acceleration4FuncERNS_10EffectDataEPcR7Vector3	function
0x0204dcfc	_ZN18NestedHeapIterator8PreviousEP13HeapAllocator	function
0x0204dd10	_ZN18NestedHeapIterator4NextEP13HeapAllocator	function
0x0204dd28	_ZN18NestedHeapIterator6RemoveEP13HeapAllocator	function
0x0204dd98	_ZN18NestedHeapIterator5AddAtEP13HeapAllocatorS1_	function
0x0204de0c	_ZN18NestedHeapIterator8AddFirstEP13HeapAllocator	function
0x0204de74	_ZN18NestedHeapIterator7AddLastEP13HeapAllocator	function
0x0204dee0	_ZN18NestedHeapIterator4InitEP13HeapAllocator	function
0x0204df20	_ZN18NestedHeapIteratorC1Ej	function
0x0204df38	_ZN13HeapAllocator6RemoveEv	function
0x0204df54	_ZN13HeapAllocatorC1EjPvPvj	function
0x0204dfe8	_ZN18NestedHeapIterator10FindNestedEPv	function
0x0204e014	_ZN18NestedHeapIterator19RecursiveFindNestedEPv	function
0x0204e084	_ZN22ExpandingHeapAllocator14SizeofInternalEPv	function
0x0204e08c	_ZN22ExpandingHeapAllocator13DeallocateAllEPPFvPvPS_jEj	function
0x0204e0e0	_ZN22ExpandingHeapAllocator9GetNodeIDEv	function
0x0204e0e8	_ZN22ExpandingHeapAllocator9SetNodeIDEj	function
0x0204e0f8	_ZN22ExpandingHeapAllocator18MaxAllocatableSizeEi	function
0x0204e180	_ZN22ExpandingHeapAllocator10MemoryLeftEv	function
0x0204e1a8	_ZN22ExpandingHeapAllocator10DeallocateEPv	function
0x0204e1e8	_ZN22ExpandingHeapAllocator10ReallocateEPvj	function
0x0204e370	_ZN22ExpandingHeapAllocator8AllocateEji	function
0x0204e3b4	_ZN13HeapAllocator7DestroyEv	function
0x0204e3c0	_ZN4Heap28CreateExpandingHeapAllocatorEPvjj	function
0x0204e40c	_ZN22ExpandingHeapAllocator8FreeNodeEP10MemoryNodePNS0_6TargetE	function
0x0204e504	_ZN22ExpandingHeapAllocator17AllocateBackwardsEjj	function
0x0204e5c8	_ZN22ExpandingHeapAllocator16AllocateForwardsEjj	function
0x0204e690	_ZN22ExpandingHeapAllocator12AllocateNodeEP10MemoryNodeS1_Pvjj	function
0x0204e828	_ZN22ExpandingHeapAllocatorC1EPvj	function
0x0204e8b0	_ZN22ExpandingHeapAllocator10CreateNodeEPN10MemoryNode6TargetEt	function
0x0204e8e0	_ZN22ExpandingHeapAllocator8LinkNodeEP10MemoryNodeS1_S1_	function
0x0204e910	_ZN22ExpandingHeapAllocator10UnlinkNodeEP10MemoryNodeS1_	function
0x0204e938	_ZN10MemoryNode6TargetC1EP10MemoryNode	function
0x0204e964	_ZN18SolidHeapAllocator10ReallocateEPvj	function
0x0204ea08	_ZN18SolidHeapAllocator14TryResizeToFitEv	function
0x0204ea3c	_ZN18SolidHeapAllocator9LoadStateEj	function
0x0204ea98	_ZN18SolidHeapAllocator9SaveStateEj	function
0x0204eaf0	_ZN18SolidHeapAllocator10MemoryLeftEi	function
0x0204eb30	_ZN18SolidHeapAllocator5ResetEj	function
0x0204eb70	_ZN18SolidHeapAllocator8AllocateEji	function
0x0204ebc4	_ZN4Heap24CreateSolidHeapAllocatorEPvjj	function
0x0204ec10	_ZN18SolidHeapAllocator8ResetEndEv	function
0x0204ec40	_ZN18SolidHeapAllocator10ResetStartEv	function
0x0204ec58	_ZN18SolidHeapAllocator17AllocateBackwardsEPvjj	function
0x0204ecd4	_ZN18SolidHeapAllocator16AllocateForwardsEPvjj	function
0x0204ed54	_ZN18SolidHeapAllocatorC1EPvj	function
0x0204fadc	_ZN5Sound6Player19SetPlayableSeqCountEii	function
0x02050bb0	_ZN5Sound23InfoInstrumentBankEntry9GetWithIDEj	function
0x02050c78	_ZN5Sound17InfoSequenceEntry9GetWithIDEj	function
0x020524f0	Matrix3x3_LoadIdentity	function
0x02052551	Matrix3x3_SetRotationX	data
0x0205256d	Matrix3x3_SetRotationY	data
0x02052588	Matrix3x3_SetRotationZ	function
0x020525a0	MulVec3Mat3x3	function
0x02052624	MulMat3x3Mat3x3	function
0x020527c0	Matrix4x3_LoadIdentity	function
0x020527e9	Matrix4x3_FromScale	data
0x02052858	MulVec3Mat4x3	function
0x02052914	MulMat4x3Mat4x3	function
0x02052b34	InvMat4x3	function
0x02052ef4	_ZN4cstd3modEii	function
0x02052f4c	_ZN4cstd3divEii	function
0x02052fa4	_ZN4cstd10fdiv_asyncE5Fix12IiE5Fix12IiE	function
0x02053090	_ZN4cstd16reciprocal_asyncE5Fix12IiE	function
0x020530cc	_ZN4cstd11fdiv_resultEv	function
0x02053108	_ZN4cstd11ldiv_resultEv	function
0x0205321c	_ZN4cstd4ldivEii	function
0x02053258	_ZN4cstd4fdivEii	function
0x020534ec	NormalizeVec3	function
0x020536e4	LenVec3	function
0x02053770	CrossVec3	function
0x0205380c	DotVec3	function
0x02053850	SubVec3	function
0x02053884	AddVec3	function
0x02053abc	_ZN3GXS15SetGraphicsModeEi	function
0x02053ad8	_ZN2GX15SetGraphicsModeEiii	function
0x02053b4c	_ZN2GX6DispOnEv	function
0x020541f0	_ZN2GX23SetBankForSubOBJExtPlttEt	function
0x0205427c	_ZN2GX22SetBankForSubBGExtPlttEt	function
0x02054308	_ZN2GX16SetBankForSubOBJEt	function
0x02054384	_ZN2GX15SetBankForSubBGEt	function
0x02054450	_ZN2GX17SetBankForTexPlttEt	function
0x02054544	_ZN2GX13SetBankForTexEt	function
0x0205485c	_ZN2GX13SetBankForOBJEt	function
0x020549c8	_ZN2GX12SetBankForBGEt	function
0x02054c80	Vram__Map	function
0x02054d38	_ZN3G2S13GetBG3CharPtrEv	function
0x02054e30	_ZN2G213GetBG2CharPtrEv	function
0x02054edc	_ZN3G2S13GetBG0CharPtrEv	function
0x02054f30	_ZN3G2S12GetBG3ScrPtrEv	function
0x0205503c	_ZN3G2S12GetBG2ScrPtrEv	function
0x020550bc	_ZN2G212GetBG2ScrPtrEv	function
0x02055148	_ZN3G2S12GetBG1ScrPtrEv	function
0x02055168	_ZN2G212GetBG1ScrPtrEv	function
0x0205519c	_ZN3G2S12GetBG0ScrPtrEv	function
0x020551bc	_ZN2G212GetBG0ScrPtrEv	function
0x02055238	_ZN3G2x18SetBlendBrightnessEPVtts	function
0x0205525c	_ZN3G2x13SetBlendAlphaEPVttttt	function
0x02055278	_ZN3G2x12SetBGyAffineEPVtP9Matrix2x2iiii	function
0x0205536c	Geometry_MatrixMultiply3x3	function
0x02055574	_ZN3G3X13SetClearColorEtiiib	function
0x020555bc	_ZN3G3X11SetFogTableEPv	function
0x020555d0	_ZN3G3X6SetFogEbiii	function
0x02055a64	_ZN3G3i7LookAt_EPK7Vector3S2_S2_bP9Matrix4x3	function
0x02055bfc	_ZN3G3i13PerspectiveW_E5Fix12IiES1_S1_S1_S1_S1_bP9Matrix4x3	function
0x02055dec	_ZN3GXS17EndLoadOBJExtPlttEv	function
0x02055e38	_ZN3GXS14LoadOBJExtPlttEPKvjj	function
0x02055eac	_ZN3GXS19BeginLoadOBJExtPlttEv	function
0x02055ed0	_ZN3GXS16EndLoadBGExtPlttEv	function
0x02055f1c	_ZN3GXS13LoadBGExtPlttEPKvjj	function
0x02055f90	_ZN3GXS18BeginLoadBGExtPlttEv	function
0x02056134	_ZN3GXS11LoadBG1CharEPKvjj	function
0x02056194	_ZN2GX11LoadBG1CharEPKvjj	function
0x020561f4	_ZN3GXS11LoadBG0CharEPKvjj	function
0x02056254	_ZN2GX11LoadBG0CharEPKvjj	function
0x02056614	_ZN2GX7LoadOBJEPKvjj	function
0x02056738	_ZN3GXS11LoadOBJPlttEPKvjj	function
0x020567a0	_ZN2GX11LoadOBJPlttEPKvjj	function
0x02056808	_ZN3GXS10LoadBGPlttEPKvjj	function
0x02056870	_ZN2GX10LoadBGPlttEPKvjj	function
0x020568cc	_ZN2GX14EndLoadTexPlttEv	function
0x02056924	_ZN2GX11LoadTexPlttEPKvjj	function
0x02056998	_ZN2GX16BeginLoadTexPlttEv	function
0x020569e0	_ZN2GX10EndLoadTexEv	function
0x02056a50	_ZN2GX7LoadTexEPKvjj	function
0x02056b9c	_ZN2GX12BeginLoadTexEv	function
0x02056c1c	Copy48BytesFixed	function
0x02056c40	_ZN3IRQ19Tim3OverflowHandlerEv	function
0x02056c50	_ZN3IRQ19Tim2OverflowHandlerEv	function
0x02056c60	_ZN3IRQ19Tim1OverflowHandlerEv	function
0x02056c70	_ZN3IRQ19Tim0OverflowHandlerEv	function
0x02056c80	_ZN3IRQ11Dma3HandlerEv	function
0x02056c90	_ZN3IRQ11Dma2HandlerEv	function
0x02056ca0	_ZN3IRQ11Dma1HandlerEv	function
0x02056cb0	_ZN3IRQ11Dma0HandlerEv	function
0x02056cc0	_ZN3IRQ13DmaTimHandlerEv	function
0x02056d60	_ZN3IRQ12EmptyHandlerEv	function
0x02056d64	_ZN3IRQ15ClearInterruptsEj	function
0x02056d98	_ZN3IRQ11DisableIRQsEj	function
0x02056de0	_ZN3IRQ10EnableIRQsEj	function
0x02056e18	_ZN3IRQ7SetIRQsEj	function
0x02056ee4	_ZN3IRQ13GetIRQHandlerEj	function
0x02056f70	_ZN3IRQ13SetIRQHandlerEjPFvvE	function
0x020585cc	ARMSaveContext	function
0x02058618	ARMRestoreContext	function
0x02058bb0	_ZN4CP1514FlushDataCacheEv	function
0x02058bdc	_ZN4CP1527FlushAndInvalidateDataCacheEv	function
0x02058c08	_ZN4CP1519InvalidateDataCacheEjj	function
0x02058c24	_ZN4CP1514FlushDataCacheEjj	function
0x02058c40	_ZN4CP1527FlushAndInvalidateDataCacheEjj	function
0x02058c5c	_ZN4CP1516DrainWriteBufferEv	function
0x02058c68	_ZN4CP1526InvalidateInstructionCacheEjj	function
0x02058d80	OS_GetInitArenaLo	function
0x020593a8	_ZN4CP1510EnableDTCMEv	function
0x020593b8	_ZN4CP1518GetDTCMBaseAddressEv	function
0x020593cc	_ZN4CP159EnableMPUEv	function
0x020593dc	_ZN4CP1510DisableMPUEv	function
0x020593ec	_ZN4CP1514MPUDataRegion1Ej	function
0x02059d08	_ZN3IRQ6EnableEv	function
0x02059d1c	_ZN3IRQ7DisableEv	function
0x02059d30	_ZN3IRQ7RestoreEj	function
0x02059d48	_ZN3IRQ10DisableAllEv	function
0x02059d5c	_ZN3IRQ10RestoreAllEj	function
0x02059d74	ARMProcessorMode	function
0x02059d80	_ZN4CP1516WaitForInterruptEv	function
0x0205a10c	DMASyncHalfTransfer	function
0x0205a160	DMASyncWordTransfer	function
0x0205a1b4	DMASyncFillTransfer	function
0x0205a448	MultiStore16	function
0x0205a460	MultiCopyHalf	function
0x0205a47c	MultiStore_Int	function
0x0205a490	MultiCopy_Int	function
0x0205a4a8	MultiStore32Bytes	function
0x0205a4f4	MultiCopy32Bytes	function
0x0205a52c	Copy32Bytes	function
0x0205a548	Copy36Bytes	function
0x0205a564	Copy48Bytes	function
0x0205a754	DecompressLZ16	function
0x0205b864	_ZN3IRQ24IPCRxFifoNotEmptyHandlerEv	function
0x0205b988	IPCSend	function
0x0205e91c	ARMMathLoadState	function
0x0205e988	ARMMathSaveState	function
0x020610ac	_ZN3IRQ21GameCardIREQMCHandlerEv	function
0x0206cd44	_ZN4cstd8__assertEPKcPKcPKci	function
0x0206d9dc	_ZN3IRQ11SetFIQStateEb	data
0x0206da28	_ZN3IRQ11SetIRQStateEb	data
0x0206daa4	_ZN4CP1517MPUGetDataRegion7Ev	function
0x0206daac	_ZN4CP1514MPUDataRegion7Ej	function
0x0206dabc	_ZN4cstd14__builtin_trapEv	function
0x0206df84	_ZN4cstd3absEi	function
0x020704cc	_ZN4cstd6strchrEPKcc	function
0x02070508	_ZN4cstd6strcmpEPKcS1_	function
0x0207063c	_ZN4cstd7strncpyEPcPKcj	function
0x02070788	_ZN4cstd6strlenEPKc	function
0x02075264	LEVEL_PART_TABLE	data
0x02075298	SUBLEVEL_LEVEL_TABLE	data
0x020755a0	_ZN3OAM8objWidthE	data
0x020755ac	_ZN3OAM9objHeightE	data
0x02075720	VS_STAR_SPAWN_ORDERS	data
0x02075804	ACTOR_BANK_OVL_MAP	data
0x020758c8	LEVEL_OVL_MAP	data
0x02075d14	UTF16_TO_FONT_TABLE	data
0x02075f14	PARTICLE_ROM_EMBEDDED_FILE	data
0x0207cd74	TEX_ROM_EMBEDDED_FILE	data
0x02082128	_ZN9Matrix3x38IDENTITYE	data
0x02082214	SINE_TABLE	data
0x02082216	_ZN4cstd12cosine_tableE	data
0x02086ef0	CAM_SPACE_CAM_POS_ASR_3	data
0x02086f84	_ZTV6Camera	data
0x02087c00	BOB_CREDITS_CUTSCENE	data
0x020890a0	INTRO_CUTSCENE	data
0x02089608	FALL_IN_FRONT_OF_CASTLE_CUTSCENE	data
0x0208a178	font_2D_ncg_bin	data
0x0208c178	font_2D_ncl_bin	data
0x0208c378	debug_level_select_arrow_ncg_bin	data
0x0208e3a4	_ZTV5Actor	data
0x0208e434	JRB_SOUND_SPECIFICS	data
0x0208e438	SOUND_SPECIFICS	data
0x0208e4b8	_ZTV12ActorDerived	data
0x0208e6bc	_ZTV19CylinderClsnWithPos	data
0x0208e6d4	_ZTV18MovingCylinderClsn	data
0x0208e6ec	_ZTV12CylinderClsn	data
0x0208e704	_ZTV25MovingCylinderClsnWithPos	data
0x0208e730	_ZTV7Clipper	data
0x0208e7c4	_ZTV18TextureTransformer	data
0x0208e7d4	_ZTV15TextureSequence	data
0x0208e7e4	_ZTV9Animation	data
0x0208e7f4	_ZTV15MaterialChanger	data
0x0208e868	_ZTV11ShadowModel	data
0x0208e87c	_ZTV9ModelBase	data
0x0208e8a4	_ZTV11CommonModel	data
0x0208e90c	_ZTV5Model	data
0x0208e94c	_ZTV14BlendModelAnim	data
0x0208e970	VTable_Animation_BlendModelAnimThunk	data
0x0208e980	_ZTV9ModelAnim	data
0x0208e9a4	VTable_Animation_ModelAnimThunk	data
0x0208e9b4	_ZTV10ModelAnim2	data
0x0208e9d8	VTable_Animation_ModelAnim2Thunk	data
0x0208ea9c	_ZTV9FaderWipe	data
0x0208eacc	_ZTV15FaderBrightness	data
0x0208eafc	_ZTV5Fader	data
0x0208eb2c	_ZTV10FaderColor	data
0x0208ecf4	ARCHIVE_INFOS	data
0x0208ee3c	BACKLIGHT_ENABLED	data
0x0208ee44	GAME_SPEED_RELATED	data
0x0208ee64	POWERS_OF_TEN	data
0x0208ee74	DIGIT_ENC_ARR	data
0x0208ee80	MSG_GEN_TEXT_FUNCS	data
0x0208eeec	MSG_ID_CHAR_MAP	data
0x0208f074	TALK_FONT_CHAR_WIDTHS	data
0x0208f3a4	_ZTVN8Particle14BubbleCallbackE	data
0x0208f3b4	_ZTVN8Particle8CallbackE	data
0x0208f3c4	_ZTVN8Particle14SimpleCallbackE	data
0x0208f3d4	_ZTVN8Particle25EndingStarGlitterCallbackE	data
0x0208f3e4	_ZTVN8Particle14SplashCallbackE	data
0x0208f3f4	_ZTVN8Particle18CheckWaterCallbackE	data
0x0208f404	_ZTVN8Particle17CheckLavaCallbackE	data
0x0208f414	_ZTVN8Particle13ScaleCallbackE	data
0x0208f424	_ZTVN8Particle24CheckWaterRippleCallbackE	data
0x0208f434	_ZTVN8Particle12ClipCallbackE	data
0x0208f444	_ZTVN8Particle22FitWaterSimpleCallbackE	data
0x0208f454	_ZTVN8Particle16FitWaterCallbackE	data
0x0208f464	_ZTVN8Particle21CleanParticleCallbackE	data
0x0208f670	Vec3_InterpCubic	data
0x0208f840	_ZN14BezierPathIter7AdvanceEv	data
0x0208f9d0	_ZN8Particle7Manager7LoadTexEjj	data
0x0208fb1c	_ZN8Particle7Manager13UnloadNewTexsEv	data
0x02090864	_Z6DLLoadi	data
0x02090900	_Z21DLCleanAllUsedByLevelv	data
0x0209098c	_Z20DLLoadAllUsedByLevelv	data
0x02090dd0	Vec3_Interp	data
0x02091528	_ZTV9BootScene	data
0x02092110	NEXT_LEVEL_ID	data
0x02092114	NEXT_HAT_CHARACTER	data
0x02092118	CHECKPOINT_LEVEL_ID	data
0x0209211c	RETURN_LEVEL_ID	data
0x02092120	AREA_ID	data
0x02092124	LEVEL_OF_LAST_COLLECTED_STAR	data
0x02092128	NEXT_HAT_CHARACTER_ARR	data
0x0209212c	STAR_CAP_MAX_POS_Y	data
0x02092130	LOADED_LEVEL_OVL_ID	data
0x02092134	STAR_CAMERA_SETTINGS	data
0x02092138	STAR_CAP_MIN_POS_Y	data
0x0209213c	_ZN5Stage9spawnDataE	data
0x02092144	HEALTH_ARR	data
0x02092145	PLAYER_HEALTH	data
0x020921c0	_ZTV5Stage	data
0x020922a4	ACTOR_BANK_SETTINGS	data
0x02092680	_ZTV5Scene	data
0x02092720	_ZTV4View	data
0x02092778	DAT_02092778	data
0x020943c4	_ZTV14MultiBootScene	data
0x02099388	_ZTV16MeshColliderBase	data
0x020993dc	_ZTV12MeshCollider	data
0x02099434	_ZTV18MovingMeshCollider	data
0x02099490	_ZTV21ExtendingMeshCollider	data
0x020994e0	ATAN_TABLE	data
0x02099d48	_ZTV9SolidHeap	data
0x02099d90	_ZTV4Heap	data
0x02099dd8	_ZTV13ExpandingHeap	data
0x02099e70	NEXT_UNIQUE_ACTOR_ID	data
0x02099edc	_ZTV9ActorBase	data
0x02099f24	PROCESS_STATE	data
0x02099fd0	RENDER_DMA_CHANNEL	data
0x02099fd4	_ZN3IRQ13DmaTimIndicesE	data
0x02099fe4	_ZN3IRQ12IRQFunctionsE	data
0x0209b138	KS_CAMERA_FUNCTIONS	data
0x0209b270	KS_NUM_PLAYERS	data
0x0209b274	KS_FRAME_COUNTER	data
0x0209b284	KS_PLAYER_IDS	data
0x0209b294	GLOBAL_FADER	data
0x0209b2a4	CUTSCENE_OBJECT_IDS	data
0x0209b2f4	SELECTED_LINE	data
0x0209b2f8	LINE_SCROLL_POSITION	data
0x0209b3ec	VIEW_MATRIX_ASR_3	data
0x0209b41c	INV_VIEW_MATRIX_ASR_3	data
0x0209b454	NEXT_ACTOR_UPDATE_FLAGS	data
0x0209b45c	ROT_AT_SPAWN	data
0x0209b460	POS_AT_SPAWN	data
0x0209b464	ACTOR_UPDATE_FLAGS	data
0x0209b468	FIRST_ACTOR_LIST_NODE	data
0x0209b490	MUSIC_VOLUME_LSL_12	data
0x0209b49c	MESSAGE_SOUND_VOLUME_LSL_12	data
0x0209b4a0	_ZN5Sound7FileRef5PTR_0E	data
0x0209caa0	SAVE_DATA	data
0x0209cddc	SAVED_REGISTER_VALUES	data
0x0209cee8	_ZN12CylinderClsn4lastE	data
0x0209cef0	DAT_0209cef0	data
0x0209cef8	numCommonModelData	data
0x0209cefc	commonModelDataArr	data
0x0209d3bc	LAST_USED_FILE_ID	data
0x0209d454	BOTTOM_SCREEN_RELATED	data
0x0209d45c	TOP_SCREEN_RELATED	data
0x0209d4a8	SCENE_RELATED	data
0x0209d4b0	KS_FADER	data
0x0209d4c8	TIME_TIMER	data
0x0209d654	IS_SAVING_MESSAGE_DISPLAYED	data
0x0209d660	PLAYER_TALKING	data
0x0209d670	IS_MESSAGE_DISAPPEARING	data
0x0209d67c	SAVE_MESSAGE_TIMER	data
0x0209d684	MESSAGE_RESULT	data
0x0209d6a8	MSG_LINE_HEIGHT	data
0x0209d6d4	CURR_MSG_ID	data
0x0209d6f0	CURR_MSG_PTR	data
0x0209d6f4	CURR_MSG_TEXT_CHAR	data
0x0209d708	MSG_ARR_PTR	data
0x0209d70c	MSG_FILE_PTR	data
0x0209e650	RNG_STATE	data
0x0209e660	_ZN3OAM14subOAMDisabledE	data
0x0209e664	_ZN3OAM12objCountMainE	data
0x0209e668	_ZN3OAM16curAffineSetMainE	data
0x0209e66c	_ZN3OAM15curAffineSetSubE	data
0x0209e670	_ZN3OAM11objCountSubE	data
0x0209e674	_ZN3OAM10bufferMainE	data
0x0209e678	_ZN3OAM9bufferSubE	data
0x0209ee74	PARTICLE_SYS_TRACKER	data
0x0209f0d8	IMMUNE_TO_DAMAGE	data
0x0209f1d0	DAT_0209f1d0	data
0x0209f1d1	DAT_0209f1d1	data
0x0209f1ec	NEXT_PAUSE_MENU_ID	data
0x0209f1f0	NEXT_STAR_ID	data
0x0209f1f4	VS_NEW_STAR_SOUND_PLAYED	data
0x0209f1f8	NUM_VIEWS	data
0x0209f1fc	OPTIONS_MENU_OPENED	data
0x0209f200	RETURN_ENTRANCE_ID	data
0x0209f204	VS_TIME_UP	data
0x0209f208	NUM_VS_STARS_COLLECTED	data
0x0209f20c	PAUSE_LEVEL_CLEAR_SAVE_MENU_ACTIVE	data
0x0209f210	ARROW_TIMER	data
0x0209f214	NUM_ENTRANCES	data
0x0209f218	PAUSED_WITH_SELECT	data
0x0209f21c	NUM_PLAYERS	data
0x0209f220	STAR_ID	data
0x0209f224	STAR_OBTAINED_COPY	data
0x0209f228	STAR_OBTAINED	data
0x0209f22c	PAUSE_MENU_TIMER	data
0x0209f234	SOUND_OPTION	data
0x0209f238	SELECTED_ARROW	data
0x0209f23c	TIMER_0209f23c	data
0x0209f240	BACK_BUTTON_PRESSED_2	data
0x0209f244	MENU_CHANGE_TIMER	data
0x0209f248	PAUSE_MENU_ID	data
0x0209f24c	CHECKPOINT_ENTRANCE_ID	data
0x0209f250	CURR_PLAYER_ID	data
0x0209f254	UNK_YOSHI_EGG_RELATED	data
0x0209f258	NUM_FOG_OBJS	data
0x0209f25c	NUM_MINIMAP_SCALE_OBJS	data
0x0209f260	LEVEL_CLEAR_COIN_COUNT	data
0x0209f264	LAST_ENTRANCE_ID	data
0x0209f268	NEXT_ENTRANCE_ID	data
0x0209f26c	RETURN_STATE	data
0x0209f270	CHECKPOINT_STAR_ID	data
0x0209f274	CAMERA_SAVED_LOOK_AT_RELATED	data
0x0209f27c	BUZZER_SOUND_JUST_PLAYED	data
0x0209f280	STOP_MUSIC_DURING_FADE	data
0x0209f284	BOUNCING_MSG_ARROWS_VISIBLE	data
0x0209f288	DISPLAY_RED_COINS_MINIMAP	data
0x0209f290	VS_MODE_EXIT_STATE	data
0x0209f294	GAME_FROZEN	data
0x0209f298	RETURN_TO_REC_ROOM	data
0x0209f29c	BACK_BUTTON_PRESSED	data
0x0209f2a0	PAUSED_DURING_TIMER	data
0x0209f2a4	SELECTED_BUTTON_SMALL	data
0x0209f2a8	LEVEL_CLEAR_TIMER	data
0x0209f2ac	NEW_STAR_COLLECTED	data
0x0209f2b0	NEW_COIN_HIGH_SCORE	data
0x0209f2b4	NUM_BIG_BUTTONS	data
0x0209f2b8	SAVE_MENU_TIMER	data
0x0209f2bc	VS_MODE_COUNTDOWN	data
0x0209f2c0	LEVEL_SPECIFIC_SETTING	data
0x0209f2c4	GAME_PAUSED	data
0x0209f2c8	MENU_DISPLAYED_COURSE	data
0x0209f2cc	BACKLIGHT_OPTION_TIMER	data
0x0209f2d0	NUM_TELEPORT_DEST_OBJS	data
0x0209f2d4	LEVEL_CLEAR_SCREEN_STATE	data
0x0209f2d8	CURRENT_GAMEMODE	data
0x0209f2dc	SELECTED_CONTROLLER_MODE	data
0x0209f2e0	SELECTED_BUTTON	data
0x0209f2e4	SOUND_MODE_TIMER	data
0x0209f2e8	MAP_TILE_ARR_SIZE	data
0x0209f2ec	BACKLIGHT_OFF	data
0x0209f2f0	COURSE_ARROW_BUTTONS_INVISIBLE	data
0x0209f2f4	NUM_LIVES	data
0x0209f2f8	LEVEL_ID	data
0x0209f2fc	PREV_RETURN_STATE	data
0x0209f300	STAGE_TIMER	data
0x0209f304	VS_MODE_COUNTDOWN_TIMER	data
0x0209f308	VS_NEW_STAR_TIMER	data
0x0209f30c	NUM_RED_COINS	data
0x0209f310	NUM_VS_STARS_OBTAINED_PLAYER	data
0x0209f314	AREAS	data
0x0209f318	CAMERA	data
0x0209f31c	FOG_OBJS_PTR	data
0x0209f320	LEVEL_MODEL_DATA	data
0x0209f324	WIPES	data
0x0209f328	ENTRANCE_ARR_PTR	data
0x0209f32c	WATER_HEIGHT	data
0x0209f330	TELEPORT_DEST_OBJS_PTR	data
0x0209f334	MAP_TILE_ARR_PTR	data
0x0209f338	UNUSED_TYPE_13_OBJS_PTR	data
0x0209f33c	CASTLE_KEY_RABBIT	data
0x0209f340	LEVEL_FILE	data
0x0209f344	VS_STAR_SPAWN_ORDER	data
0x0209f348	MINIMAP_SCALE_OBJS_PTR	data
0x0209f34c	EVENT_FIELD	data
0x0209f350	CAMERA_PRESS_STATE	data
0x0209f354	VIEW_ARR_PTR	data
0x0209f358	NUM_COINS	data
0x0209f360	BG1_BUTTON_TILE_OFFSETS	data
0x0209f368	CAMERA_INPUT_ARR	data
0x0209f37c	STAR_MARKER_TYPES	data
0x0209f394	PLAYER_ARR	data
0x0209f3a4	BOWSER_SPIKE_BOMBS	data
0x0209f3c4	STAGE_SCENE_RELATED	data
0x0209f40c	STAR_MARKERS	data
0x0209f43c	GLOBAL_CLIPPER	data
0x0209f498	INPUT_ARR	data
0x0209f49c	INPUT_PERSISTENT	data
0x0209f49e	INPUT_1_FRAME	data
0x0209f4f8	ACTOR_DEATH_TABLE_ARR	data
0x0209f5bc	SCENE_FADER	data
0x0209f5c0	ROOT_ACTOR_BASE	data
0x0209f5e8	DEFAULT_SCENE_FADER	data
0x0209fc48	RUNNING_KUPPA_SCRIPT	data
0x0209fc4c	SAVED_KUPPA_SCRIPT	data
0x0209fc50	NUM_PLAYERS_2	data
0x0209fc5c	IS_PLAYER_ACTIVE	data
0x0209fc68	DP_STATE	data
0x0209fc9c	CONNECTION_ERROR	data
0x0209fd14	VS_MSG_FILE_PTR	data
0x020a0c80	ACTIVE_MESH_COLLIDERS	data
0x020a0d84	PATH_ARR_PTR	data
0x020a0d88	PATH_NODE_ARR_PTR	data
0x020a0d8c	NUM_PATHS	data
0x020a0d90	build_time_file	data
0x020a0db0	FRAME_TIMER	data
0x020a0de8	TOUCH_INPUT_ARR	data
0x020a0e58	BUTTON_INPUT_ARR	data
0x020a0e68	MATRIX_SCRATCH_PAPER	data
0x020a0e98	_ZN6Memory11heapDamagedE	data
0x020a0e9c	_ZN6Memory11rootHeapPtrE	data
0x020a0ea0	_ZN6Memory14defaultHeapPtrE	data
0x020a0ea4	_ZN6Memory15rootParamOffsetE	data
0x020a0ea8	_ZN6Memory10tmpHeapPtrE	data
0x020a0eac	_ZN6Memory11gameHeapPtrE	data
0x020a0ebc	_ZN7Vector38IDENTITYE	data
0x020a1040	FRAME_COUNTER	data
0x020a1158	INPUT_RELATED_ARR	data
0x020a4b48	ACTOR_UNKNOWN12_ID	data
0x020a4b4c	BASE_CREATION_STATE	data
0x020a4b50	CURRENT_OBJECT_SPAWN_ID	data
0x020a4b54	ACTOR_ACTOR_ID	data
0x020a4b60	ACTOR_PARAM1	data
0x020a4b68	CURRENT_OBJECT_LIST_NODE	data
0x020a4b78	FIRST_BEHAVIOR_LIST_NODE	data
0x020a4b98	FIRST_RENDER_LIST_NODE	data
0x020a4bb8	ACTOR_UNKNOWN_TABLE_PTR	data
0x020a4bc8	VRAM_Tex4x4_TexelData_Start	data
0x020a4bcc	VRAM_Pal_Start	data
0x020a4bd8	VRAM_Pal_End	data
0x020a4bdc	VRAM_Tex_End	data
0x020a4be0	VRAM_Tex4x4_IndexData_Start	data
0x020a4be4	VRAM_Tex_Size	data
0x020a4be8	VRAM_Tex4x4_MaxSize	data
0x020a4d30	PARTICLE_RNG_STATE	data
0x020a4d34	_ZN6Memory25isRootHeapIterInitializedE	data
0x020a4d38	_ZN6Memory16rootHeapIteratorE	data
0x020a4d6c	_ZN5Sound7PLAYERSE	data
0x020a5bb8	_ZN5Sound8SDAT_RAM3PTRE	data
0x020a60c4	_ZN3IRQ15DmaTimFunctionsE	data
0x020ab800	_ZN3OAM13MM_MARIO_ICONE	data
0x020ab808	_ZN3OAM19MM_MARIO_W_CAP_ICONE	data
0x020ab820	_ZN3OAM19MM_MARIO_L_CAP_ICONE	data
0x020ab838	_ZN3OAM20MM_MARIO_NO_CAP_ICONE	data
0x020ab850	_ZN3OAM13MM_LUIGI_ICONE	data
0x020ab858	_ZN3OAM19MM_LUIGI_W_CAP_ICONE	data
0x020ab870	_ZN3OAM19MM_LUIGI_M_CAP_ICONE	data
0x020ab888	_ZN3OAM20MM_LUIGI_NO_CAP_ICONE	data
0x020ab8a0	_ZN3OAM13MM_WARIO_ICONE	data
0x020ab8a8	_ZN3OAM20MM_WARIO_NO_CAP_ICONE	data
0x020ab8b8	_ZN3OAM19MM_WARIO_L_CAP_ICONE	data
0x020ab8d0	_ZN3OAM19MM_WARIO_M_CAP_ICONE	data
0x020ab8e8	_ZN3OAM13MM_YOSHI_ICONE	data
0x020ab8f0	_ZN3OAM19MM_YOSHI_L_CAP_ICONE	data
0x020ab908	_ZN3OAM19MM_YOSHI_M_CAP_ICONE	data
0x020ab920	_ZN3OAM19MM_YOSHI_W_CAP_ICONE	data
0x020ab948	_ZN3OAM10LIFE_ICONSE	data
0x020ab9c8	_ZN3OAM5TIMESE	data
0x020aba70	_ZN3OAM7NUMBERSE	data
0x020abac0	_ZN3OAM16SMALL_STAR_EMPTYE	data
0x020abac8	_ZN3OAM11SILVER_STARE	data
0x020abad0	_ZN3OAM10POWER_STARE	data
0x020abad8	_ZN3OAM4COINE	data
0x020abd88	_ZN3OAM14BOUNCING_ARROWE	data
0x020ad04c	_ZN3OAM21CONTROLLER_MODE_TEXTSE	data
0x020ad058	_ZN3OAM15TOUCH_MODE_TEXTE	data
0x020ad188	_ZN3OAM18STANDARD_MODE_TEXTE	data
0x020ad2d0	_ZN3OAM19DUAL_HAND_MODE_TEXTE	data
0x020ad838	_ZN5Enemy26UpdateKillByInvincibleCharER12WithMeshClsnR9ModelAnimj	function
0x020ada40	_ZN5Enemy20KillByInvincibleCharERK10Vector3_16R6Player	function
0x020adb40	_ZN5Enemy22SpawnMegaCharParticlesER5ActorPc	function
0x020addc0	_ZN5Enemy27SpawnParticlesIfHitOtherObjER12CylinderClsn	function
0x020ade78	_ZN5Enemy14UpdateYoshiEatER12WithMeshClsn	function
0x020ae244	_ZN5Enemy24AngleAwayFromWallOrCliffER12WithMeshClsnRs	function
0x020ae2b8	_ZN5Enemy15IsGoingOffCliffER12WithMeshClsn5Fix12IiEsbbS3_	function
0x020ae6a8	_ZN5Enemy11UpdateDeathER12WithMeshClsn	function
0x020aea30	_ZN5Enemy12KillByAttackER5Actor	function
0x020aeabc	_ZN5Enemy9SpawnCoinEv	function
0x020aebf8	_ZN5Enemy12UpdateWMClsnER12WithMeshClsnj	function
0x020aed3c	_ZN5EnemyD0Ev	function
0x020aed74	_ZN5EnemyD2Ev	function
0x020aed98	_ZN5EnemyC2Ev	function
0x020aedf4	_ZN8CapEnemyD0Ev	function
0x020bd828	_ZN6Player8CanPauseEv	function
0x020bda98	_ZN6Player8HasNoCapEv	function
0x020bdc58	_ZN6Player16IncMegaKillCountEv	function
0x020bde14	_ZN6Player14InitMetalWarioEv	function
0x020bdf4c	_ZN6Player15InitVanishLuigiEv	function
0x020be0f8	_ZN6Player18SetNewHatCharacterEjjb	function
0x020be1e0	_ZN6Player16SetRealCharacterEj	function
0x020be324	_ZN6Player18TurnOffToonShadingEj	function
0x020bea94	_ZN6Player15IsCollectingCapEv	function
0x020becc8	_ZNK6Player14GetBodyModelIDEjb	function
0x020bed98	_ZN6Player12FinishedAnimEv	function
0x020beecc	_ZN6Player6IsAnimEj	function
0x020bef2c	_ZN6Player7SetAnimEji5Fix12IiEj	function
0x020bf4e4	_ZN6Player4HealEi	function
0x020bf548	_ZN6Player9GetHealthEv	function
0x020c2ef0	_ZN6Player7CanWarpEv	function
0x020c2f3c	_ZN6Player7IsInAirEv	function
0x020c3d1c	_ZN6Player17St_EndingFly_MainEv	function
0x020c3d6c	_ZN6Player17St_EndingFly_InitEv	function
0x020c3dd0	_ZN6Player21St_OpeningWakeUp_MainEv	function
0x020c3ed8	_ZN6Player21St_OpeningWakeUp_InitEv	function
0x020c3f40	_ZN6Player15St_Respawn_MainEv	function
0x020c4088	_ZN6Player15St_Respawn_InitEv	function
0x020c4760	_ZN6Player15St_Talk_CleanupEv	function
0x020c48e0	_ZN6Player12St_Talk_MainEv	function
0x020c4bd8	_ZN6Player12St_Talk_InitEv	function
0x020c4c60	_ZN6Player12ShowMessage2ER9ActorBasejPK7Vector3jj	function
0x020c4ec0	_ZN6Player11ShowMessageER9ActorBasejPK7Vector3jj	function
0x020c4efc	_ZN6Player18HasFinishedTalkingEv	function
0x020c4f40	_ZN6Player12Unk_020c4f40Et	function
0x020c4fa0	_ZN6Player9StartTalkER9ActorBaseb	function
0x020c524c	_ZN6Player12GetTalkStateEv	function
0x020c52bc	_ZN6Player21St_StuckInGround_MainEv	function
0x020c54e8	_ZN6Player21St_StuckInGround_InitEv	function
0x020c5560	_ZN6Player24St_BowserEarthquake_MainEv	function
0x020c568c	_ZN6Player24St_BowserEarthquake_InitEv	function
0x020c5780	_ZN6Player15St_DeadPit_MainEv	function
0x020c59c0	_ZN6Player15St_DeadPit_InitEv	function
0x020c5cc8	_ZN6Player14EnterWhirlpoolEv	function
0x020c5e34	_ZN6Player15St_DeadHit_MainEv	function
0x020c6010	_ZN6Player15St_DeadHit_InitEv	function
0x020c65f8	_ZN6Player17St_Squish_CleanupEv	function
0x020c662c	_ZN6Player14St_Squish_MainEv	function
0x020c69a0	_ZN6Player14St_Squish_InitEv	function
0x020c6a10	_ZN6Player12Unk_020c6a10Ej	function
0x020c6b3c	_ZN6Player16St_Teleport_MainEv	function
0x020c6dc4	_ZN6Player16St_Teleport_InitEv	function
0x020c6f34	_ZN6Player21St_LevelEnter_CleanupEv	function
0x020c6f3c	_ZN6Player18St_LevelEnter_MainEv	function
0x020c7838	_ZN6Player18St_LevelEnter_InitEv	function
0x020c7e84	_ZN6Player15IsEnteringLevelEv	function
0x020c7ed4	_ZN6Player20IsStateEnteringLevelEv	function
0x020c8128	_ZN6Player20St_NoControl_CleanupEv	function
0x020c816c	_ZN6Player17St_NoControl_MainEv	function
0x020c976c	_ZN6Player17St_NoControl_InitEv	function
0x020c9e5c	_ZN6Player12Unk_020c9e5cEh	function
0x020ca144	_ZN6Player11OpenBigDoorEv	function
0x020ca150	_ZN6Player12Unk_020ca150Eh	function
0x020ca1b8	_ZN6Player17SetNoControlStateEhih	function
0x020ca2ac	_ZN6Player15JumpIntoBooCageER7Vector3	function
0x020ca344	_ZN6Player13TryTalkToDoorEh	function
0x020ca3d0	_ZN6Player21IsOpeningDoorWithStarEv	function
0x020ca410	_ZN6Player16TryTalkToKeyDoorEv	function
0x020ca488	_ZN6Player12Unk_020ca488Ev	function
0x020ca498	_ZN6Player16TryEnterStarDoorER7Vector3s	function
0x020ca5cc	_ZN6Player12CanEnterDoorEh	function
0x020ca708	_ZN6Player17PlayMammaMiaSoundEv	function
0x020ca724	_ZN6Player24TryExitWhiteDoorWithStarEv	function
0x020ca78c	_ZN6Player29TryExitCharacterDoorWithIntroEv	function
0x020ca7f4	_ZN6Player16St_DebugFly_MainEv	function
0x020ca8d0	_ZN6Player16St_DebugFly_InitEv	function
0x020ca8f8	_ZN6Player12Unk_020ca8f8Ev	function
0x020cac20	_ZN6Player15St_Null_CleanupEv	function
0x020cac28	_ZN6Player12St_Null_MainEv	function
0x020cac30	_ZN6Player12St_Null_InitEv	function
0x020cac38	_ZN6Player21St_CameraZoom_CleanupEv	function
0x020cad10	_ZN6Player18St_CameraZoom_MainEv	function
0x020caef4	_ZN6Player18St_CameraZoom_InitEv	function
0x020cb15c	_ZN6Player17St_Headstand_MainEv	function
0x020cb2f0	_ZN6Player17St_Headstand_InitEv	function
0x020cb568	_ZN6Player16St_Climb_CleanupEv	function
0x020cb5bc	_ZN6Player13St_Climb_MainEv	function
0x020cbd34	_ZN6Player13St_Climb_InitEv	function
0x020cc140	_ZN6Player9IsOnShellEv	function
0x020cc228	_ZN6Player16St_Shell_CleanupEv	function
0x020cc27c	_ZN6Player13St_Shell_MainEv	function
0x020cc780	_ZN6Player13St_Shell_InitEv	function
0x020cc7d0	_ZN6Player17St_HurtWater_MainEv	function
0x020cc910	_ZN6Player17St_HurtWater_InitEv	function
0x020cc9c0	_ZN6Player23St_MetalWaterWater_MainEv	function
0x020ccc3c	_ZN6Player23St_MetalWaterWater_InitEv	function
0x020ccccc	_ZN6Player24St_MetalWaterGround_MainEv	function
0x020cd0d0	_ZN6Player24St_MetalWaterGround_InitEv	function
0x020cd1e4	_ZN6Player15St_Swim_CleanupEv	function
0x020cd94c	_ZN6Player12St_Swim_MainEv	function
0x020ce550	_ZN6Player12St_Swim_InitEv	function
0x020cf398	_ZN6Player20St_CeilingGrate_MainEv	function
0x020cf6bc	_ZN6Player20St_CeilingGrate_InitEv	function
0x020cf714	_ZN6Player14St_OnWall_MainEv	function
0x020cfa90	_ZN6Player14St_OnWall_InitEv	function
0x020d0824	_ZN6Player17St_LedgeGrab_MainEv	function
0x020d08b0	_ZN6Player17St_LedgeGrab_InitEv	function
0x020d092c	_ZN6Player20St_LedgeHang_CleanupEv	function
0x020d0a44	_ZN6Player17St_LedgeHang_MainEv	function
0x020d0c54	_ZN6Player17St_LedgeHang_InitEv	function
0x020d0d78	_ZN6Player17St_WallSlide_MainEv	function
0x020d0e8c	_ZN6Player17St_WallSlide_InitEv	function
0x020d0ee0	_ZN6Player13St_Crawl_MainEv	function
0x020d112c	_ZN6Player13St_Crawl_InitEv	function
0x020d1354	_ZN6Player14St_Crouch_MainEv	function
0x020d15e0	_ZN6Player14St_Crouch_InitEv	function
0x020d16bc	_ZN6Player17St_HoldHeavy_MainEv	function
0x020d19a8	_ZN6Player17St_HoldHeavy_InitEv	function
0x020d19fc	_ZN6Player20St_HoldLight_CleanupEv	function
0x020d1a1c	_ZN6Player17St_HoldLight_MainEv	function
0x020d1ea0	_ZN6Player17St_HoldLight_InitEv	function
0x020d2184	_ZN6Player21St_WaitQuicksand_MainEv	function
0x020d2224	_ZN6Player21St_WaitQuicksand_InitEv	function
0x020d2378	_ZN6Player15St_Wait_CleanupEv	function
0x020d2404	_ZN6Player12St_Wait_MainEv	function
0x020d32bc	_ZN6Player12St_Wait_InitEv	function
0x020d34bc	_ZN6Player18St_TurnAround_MainEv	function
0x020d369c	_ZN6Player18St_TurnAround_InitEv	function
0x020d38c0	_ZN6Player12St_Walk_MainEv	function
0x020d4270	_ZN6Player12St_Walk_InitEv	function
0x020d4de8	_ZN6Player12St_Bonk_MainEv	function
0x020d4f8c	_ZN6Player12St_Bonk_InitEv	function
0x020d4fe4	_ZN6Player8BlowAwayEs	function
0x020d5038	_ZN6Player16St_BurnLava_MainEv	function
0x020d529c	_ZN6Player16St_BurnLava_InitEv	function
0x020d53ac	_ZN6Player16St_BurnFire_MainEv	function
0x020d5750	_ZN6Player16St_BurnFire_InitEv	function
0x020d57d8	_ZN6Player4BurnEv	function
0x020d5834	_ZN6Player19St_Electrocute_MainEv	function
0x020d59b0	_ZN6Player19St_Electrocute_InitEv	function
0x020d5a1c	_ZN6Player5ShockEj	function
0x020d6084	_ZN6Player23St_InYoshiMouth_CleanupEv	function
0x020d60b8	_ZN6Player20St_InYoshiMouth_MainEv	function
0x020d62f8	_ZN6Player20St_InYoshiMouth_InitEv	function
0x020d6474	_ZN6Player15St_Swallow_MainEv	function
0x020d666c	_ZN6Player15St_Swallow_InitEv	function
0x020d6708	_ZN6Player20RegisterEggCoinCountEjbb	function
0x020d736c	_ZN6Player21St_YoshiPower_CleanupEv	function
0x020d7504	_ZN6Player18St_YoshiPower_MainEv	function
0x020d7ed0	_ZN6Player18St_YoshiPower_InitEv	function
0x020d8228	_ZN6Player13InitFireYoshiEv	function
0x020d8274	_ZN6Player21St_DizzyStars_CleanupEv	function
0x020d828c	_ZN6Player18St_DizzyStars_MainEv	function
0x020d82cc	_ZN6Player18St_DizzyStars_InitEv	function
0x020d8e70	_ZN6Player4HurtERK7Vector3j5Fix12IiEjjj	function
0x020d932c	_ZN6Player6BounceE5Fix12IiE	function
0x020d9654	_ZN6Player15St_Hurt_CleanupEv	function
0x020d966c	_ZN6Player12St_Hurt_MainEv	function
0x020d9b68	_ZN6Player12St_Hurt_InitEv	function
0x020d9c44	_ZN6Player12GetHurtStateEv	function
0x020d9fc4	_ZN6Player22St_SwingPlayer_CleanupEv	function
0x020d9fec	_ZN6Player19St_SwingPlayer_MainEv	function
0x020da3b0	_ZN6Player19St_SwingPlayer_InitEv	function
0x020da41c	_ZN6Player25St_GrabBowserTail_CleanupEv	function
0x020da438	_ZN6Player22St_GrabBowserTail_MainEv	function
0x020da794	_ZN6Player22St_GrabBowserTail_InitEv	function
0x020da7f4	_ZN6Player9DropActorEv	function
0x020daba0	_ZN6Player7TryGrabER5Actor	function
0x020dae6c	_ZN6Player13St_Throw_MainEv	function
0x020dafd4	_ZN6Player13St_Throw_InitEv	function
0x020db0a4	_ZN6Player17St_Thrown_CleanupEv	function
0x020db0bc	_ZN6Player14St_Thrown_MainEv	function
0x020db2e8	_ZN6Player14St_Thrown_InitEv	function
0x020db368	_ZN6Player18St_Grabbed_CleanupEv	function
0x020db3bc	_ZN6Player15St_Grabbed_MainEv	function
0x020db4d8	_ZN6Player15St_Grabbed_InitEv	function
0x020dc1d0	_ZN6Player17St_SlideKick_MainEv	function
0x020dc3e0	_ZN6Player17St_SlideKick_InitEv	function
0x020dc48c	_ZN6Player17St_SweepKick_MainEv	function
0x020dc510	_ZN6Player17St_SweepKick_InitEv	function
0x020dc740	_ZN6Player17St_ButtSlide_MainEv	function
0x020dca80	_ZN6Player17St_ButtSlide_InitEv	function
0x020dcc28	_ZN6Player20St_StomachSlide_MainEv	function
0x020dd104	_ZN6Player20St_StomachSlide_InitEv	function
0x020dd17c	_ZN6Player12St_Dive_InitEv	function
0x020dd240	_ZN6Player8IsDivingEv	function
0x020dd26c	_ZN6Player17LostGrabbedObjectEv	function
0x020dd2b0	_ZN6Player14IsFrontSlidingEv	function
0x020dd3c4	_ZN6Player17St_PunchKick_MainEv	function
0x020dd79c	_ZN6Player17St_PunchKick_InitEv	function
0x020dd9e0	_ZN6Player22St_GroundPound_CleanupEv	function
0x020dd9f8	_ZN6Player19St_GroundPound_MainEv	function
0x020dddf0	_ZN6Player19St_GroundPound_InitEv	function
0x020ddfdc	_ZN6Player19St_TornadoSpin_MainEv	function
0x020de2a0	_ZN6Player19St_TornadoSpin_InitEv	function
0x020de3b4	_ZN6Player18St_Balloon_CleanupEv	function
0x020de45c	_ZN6Player15St_Balloon_MainEv	function
0x020de8ac	_ZN6Player15St_Balloon_InitEv	function
0x020dea00	_ZN6Player16InitBalloonMarioEv	function
0x020deab8	_ZN6Player17St_WindCarry_MainEv	function
0x020dec0c	_ZN6Player17St_WindCarry_InitEv	function
0x020dedf0	_ZN6Player21St_JumpQuicksand_MainEv	function
0x020deeac	_ZN6Player21St_JumpQuicksand_InitEv	function
0x020deefc	_ZN6Player17St_Cannon_CleanupEv	function
0x020def14	_ZN6Player14St_Cannon_MainEv	function
0x020df208	_ZN6Player14St_Cannon_InitEv	function
0x020df288	_ZN6Player16IsInsideOfCannonEv	function
0x020df2c4	_ZN6Player22IsBeingShotOutOfCannonEv	function
0x020df3c8	_ZN6Player14St_Owl_CleanupEv	function
0x020df3ec	_ZN6Player11St_Owl_MainEv	function
0x020df740	_ZN6Player11St_Owl_InitEv	function
0x020dfdf0	_ZN6Player11St_Fly_MainEv	function
0x020e027c	_ZN6Player11St_Fly_InitEv	function
0x020e03b8	_ZN6Player16InitWingFeathersEb	function
0x020e04ec	_ZN6Player12St_Land_MainEv	function
0x020e088c	_ZN6Player12St_Land_InitEv	function
0x020e0aa8	_ZN6Player21St_SmallLaunchUp_MainEv	function
0x020e0adc	_ZN6Player21St_SmallLaunchUp_InitEv	function
0x020e0b50	_ZN6Player17St_SlopeJump_MainEv	function
0x020e0c04	_ZN6Player17St_SlopeJump_InitEv	function
0x020e0d28	_ZN6Player22St_CrazedCrate_CleanupEv	function
0x020e0d48	_ZN6Player19St_CrazedCrate_MainEv	function
0x020e0fac	_ZN6Player19St_CrazedCrate_InitEv	function
0x020e1020	_ZN6Player10SpinBounceE5Fix12IiE	function
0x020e10d4	_ZN6Player15St_Spin_CleanupEv	function
0x020e10ec	_ZN6Player12St_Spin_MainEv	function
0x020e119c	_ZN6Player12St_Spin_InitEv	function
0x020e1238	_ZN6Player16St_LongJump_MainEv	function
0x020e127c	_ZN6Player16St_LongJump_InitEv	function
0x020e13c0	_ZN6Player16St_SideFlip_MainEv	function
0x020e162c	_ZN6Player17St_WaterJump_InitEv	function
0x020e16a4	_ZN6Player21St_HeadstandJump_InitEv	function
0x020e1714	_ZN6Player16St_WallJump_MainEv	function
0x020e17f8	_ZN6Player16St_WallJump_InitEv	function
0x020e18a8	_ZN6Player16St_BackFlip_InitEv	function
0x020e1990	_ZN6Player24St_SlideKickRecover_InitEv	function
0x020e1a10	_ZN6Player16St_SideFlip_InitEv	function
0x020e1af8	_ZN6Player12St_Fall_MainEv	function
0x020e1b80	_ZN6Player12St_Fall_InitEv	function
0x020e2118	_ZN6Player12St_Jump_MainEv	function
0x020e22c0	_ZN6Player12St_Jump_InitEv	function
0x020e2e88	FALL_DAMAGE_BIG	data
0x020e2e9c	FALL_DAMAGE_SMALL	data
0x020e308c	_ZN6Player7IsStateERNS_5StateE	function
0x020e30a0	_ZN6Player11ChangeStateERNS_5StateE	function
0x020e32d4	_ZN6Player16CleanupResourcesEv	function
0x020e3a04	_ZN6Player16OnPendingDestroyEv	function
0x020e3a08	_ZN6Player6RenderEv	function
0x020e4d24	_ZN6Player8BehaviorEv	function
0x020e558c	_ZN6Player13InitResourcesEv	function
0x020e67a8	_ZN6PlayerD0Ev	function
0x020e6858	_ZN6PlayerD2Ev	function
0x020e68f4	_ZN6PlayerC1Ev	function
0x020e69b8	_ZN6Player13OnYoshiTryEatEv	function
0x020e6a08	Color_Interp	function
0x020e6c0c	_ZN6PlayerC3Ev	function
0x020e717c	UnloadSilverStarAndNumber	function
0x020e71a8	LoadSilverStarAndNumber	function
0x020e71d4	LinkSilverStarAndStarMarker	function
0x020e72d8	_ZN10StarMarker27SpawnRedCoinStarIfNecessaryEv	function
0x020e8ca0	_ZN9PowerStar13AddStarMarkerEv	function
0x020ee42c	_ZN8PlatformD2Ev	function
0x020ee464	_ZN8PlatformD0Ev	function
0x020ee4b0	_ZN8Platform14KillByMegaCharER6Player	function
0x020ee55c	_ZN8Platform4KillEv	function
0x020ee674	_ZN8Platform20UpdateKillByMegaCharEsss5Fix12IiE	function
0x020ee7cc	_ZN8Platform19UpdateClsnPosAndRotEv	function
0x020ee830	_ZN8Platform21UpdateModelPosAndRotYEv	function
0x020ee870	_ZN8Platform13IsClsnInRangeE5Fix12IiES1_	function
0x020ee934	_ZN8Platform21IsClsnInRangeOnScreenE5Fix12IiES1_	function
0x020eea50	_ZN8PlatformC2Ev	function
0x020ef320	_ZN8PathLiftD0Ev	function
0x020ef390	_ZN8PathLiftD2Ev	function
0x020efaa0	_ZN8PathLift12BaseBehaviorEv	function
0x020efaf0	_ZN8PathLift17BaseInitResourcesEv	function
0x020eff18	_ZN8PathLift9AfterClsnEv	function
0x020f975c	_ZN7MinimapD1Ev	function
0x020f978c	_ZN7MinimapD0Ev	function
0x020f97d0	_ZN7Minimap21FixTHIPaintingRoomPosER7Vector3	function
0x020f99a8	_ZN7Minimap19UpdateLevelSpecificEv	function
0x020f9e8c	_ZN7Minimap16CleanupResourcesEv	function
0x020f9e94	_ZN7Minimap16OnPendingDestroyEv	function
0x020f9e98	_ZN7Minimap6RenderEv	function
0x020fa690	_ZN7Minimap8BehaviorEv	function
0x020fb38c	_ZN7Minimap13InitResourcesEv	function
0x020fb804	_ZN7Minimap20GetPosFromMinimapPosER7Vector3S1_5Fix12IiEsS1_	function
0x020fb85c	_ZN7Minimap15GetPosOnMinimapER7Vector3S1_5Fix12IiEsS1_	function
0x020fb8bc	_ZN7MinimapC1Ev	function
0x020fb8f8	_ZN3HUDD1Ev	function
0x020fb928	_ZN3HUDD0Ev	function
0x020fb96c	_ZN3HUD15RenderTimeTimerEv	function
0x020fbdac	_ZN3HUD15CalculateDigitsEt	function
0x020fbe38	_ZN3HUD15RenderLifeCountEv	function
0x020fc04c	_ZN3HUD19RenderCameraButtonsEv	function
0x020fc3c4	_ZN3HUD17RenderSilverStarsEv	function
0x020fc458	_ZN3HUD15RenderStarCountEv	function
0x020fc77c	_ZN3HUD14RenderRedCoinsEv	function
0x020fc81c	_ZN3HUD15RenderCoinCountEv	function
0x020fca18	_ZN3HUD13RenderVsTimerEv	function
0x020fce9c	_ZN3HUD13UpdateVsTimerEv	function
0x020fcfec	_ZN3HUD17RenderHealthMeterEv	function
0x020fd218	_ZN3HUD17UpdateHealthMeterEv	function
0x020fd5d4	_ZN3HUD16CleanupResourcesEv	function
0x020fd5dc	_ZN3HUD16OnPendingDestroyEv	function
0x020fd5e0	_ZN3HUD6RenderEv	function
0x020fd7a4	_ZN3HUD8BehaviorEv	function
0x020fda04	_ZN3HUD13InitResourcesEv	function
0x020fe154	_ZN3HUDC1Ev	function
0x020fe190	_ZN5Stage18LoadClsnAndObjectsER11LVL_OverlayjR12MeshCollider	function
0x020fe33c	_Z11LoadObjectsRN11LVL_Overlay8ObjTableEij	function
0x020fe3cc	_Z21LoadStarCameraObjectsRN11LVL_Overlay11ObjSubTableEij	function
0x020fe3e4	_Z23LoadUnusedType13ObjectsRN11LVL_Overlay11ObjSubTableEij	function
0x020fe3f8	_Z23LoadMinimapScaleObjectsRN11LVL_Overlay11ObjSubTableEij	function
0x020fe40c	_Z22LoadMinimapTileObjectsRN11LVL_Overlay11ObjSubTableEij	function
0x020fe420	_Z15LoadExitObjectsRN11LVL_Overlay11ObjSubTableEij	function
0x020fe4f0	_Z15LoadDoorObjectsRN11LVL_Overlay11ObjSubTableEij	function
0x020fe5cc	_Z14LoadFogObjectsRN11LVL_Overlay11ObjSubTableEij	function
0x020fe5e0	_Z23LoadTeleportDestObjectsRN11LVL_Overlay11ObjSubTableEij	function
0x020fe5f4	_Z25LoadTeleportSourceObjectsRN11LVL_Overlay11ObjSubTableEij	function
0x020fe690	_Z15LoadViewObjectsRN11LVL_Overlay11ObjSubTableEij	function
0x020fe6a4	_Z15LoadPathObjectsRN11LVL_Overlay11ObjSubTableEij	function
0x020fe6b8	_Z19LoadPathNodeObjectsRN11LVL_Overlay11ObjSubTableEij	function
0x020fe6c8	_Z19LoadEntranceObjectsRN11LVL_Overlay11ObjSubTableEij	function
0x020fe8ac	_Z19LoadStandardObjectsRN11LVL_Overlay11ObjSubTableEij	function
0x020fe960	_Z17LoadSimpleObjectsRN11LVL_Overlay11ObjSubTableEij	function
0x020fea84	_ZN11RaycastLine4Line3SetERK7Vector3S3_	function
0x020ff060	COIN_POLY4_MODEL_PTRS	data
0x020ff06c	COIN_POLY32_MODEL_PTRS	data
0x020ff480	_ZN6Player9ANIM_PTRSE	data
0x0210a83c	_ZTV6Player	data
0x0210ae38	_ZTV8Platform	data
0x0210af70	_ZTV8PathLift	data
0x0210c160	_ZN7Minimap9spawnDataE	data
0x0210c174	_ZN3OAM15MM_PLAYER_ICONSE	data
0x0210c1c0	_ZTV7Minimap	data
0x0210c210	_ZN3HUD9spawnDataE	data
0x0210c230	_ZN3OAM13HEALTH_METERSE	data
0x0210c2c8	_ZTV3HUD	data
0x0210c3e8	_ZN3OAM15CAM_ZOOM_BUTTONE	data
0x0210c400	_ZN3OAM23CAM_ZOOM_BUTTON_PRESSEDE	data
0x0210c418	_ZN3OAM25S_CAM_ZOOM_BUTTON_PRESSEDE	data
0x0210c430	_ZN3OAM17S_CAM_ZOOM_BUTTONE	data
0x0210c448	_ZN3OAM20CAM_BUTTON_L_PRESSEDE	data
0x0210c468	_ZN3OAM14S_CAM_BUTTON_LE	data
0x0210c488	_ZN3OAM22S_CAM_BUTTON_L_PRESSEDE	data
0x0210c4a8	_ZN3OAM20CAM_BUTTON_R_PRESSEDE	data
0x0210c4c8	_ZN3OAM14S_CAM_BUTTON_RE	data
0x0210c4e8	_ZN3OAM12CAM_BUTTON_RE	data
0x0210c508	_ZN3OAM22S_CAM_BUTTON_R_PRESSEDE	data
0x0210c528	_ZN3OAM12CAM_BUTTON_LE	data
0x0210c548	_ZN3OAM13MM_SMALL_STARE	data
0x0210c550	_ZN3OAM19MM_SMALL_STAR_FADEDE	data
0x0210c558	_ZN3OAM13MM_STAR_FADEDE	data
0x0210c560	_ZN3OAM7MM_STARE	data
0x0210c568	_ZN3OAM20MM_SILVER_STAR_FADEDE	data
0x0210c570	_ZN3OAM14MM_SILVER_STARE	data
0x0210c578	_ZN3OAM19MM_TRANSPARENT_STARE	data
0x0210c598	_ZN3OAM26MM_TRANSPARENT_STAR_BRIGHTE	data
0x0210c5b8	_ZN3OAM15MM_STAR_MARKERSE	data
0x0210c5d8	_ZN3OAM14HEALTH_METER_6E	data
0x0210c5e8	_ZN3OAM14HEALTH_METER_4E	data
0x0210c5f8	_ZN3OAM14HEALTH_METER_8E	data
0x0210c608	_ZN3OAM14HEALTH_METER_2E	data
0x0210c618	_ZN3OAM14HEALTH_METER_1E	data
0x0210c630	_ZN3OAM14HEALTH_METER_5E	data
0x0210c648	_ZN3OAM14HEALTH_METER_0E	data
0x0210c660	_ZN3OAM14HEALTH_METER_7E	data
0x0210c678	_ZN3OAM14HEALTH_METER_3E	data
0x0210c690	_ZN3OAM15HEALTH_METER_BGE	data
0x0210c6b8	_ZN3OAM8RED_COINE	data
0x0210c6c0	_ZN3OAM7SECONDSE	function
0x0210c6c8	_ZN3OAM7MINUTESE	data
0x0210c6d0	_ZN3OAM4TIMEE	data
0x0210c6d8	_ZN3OAM11MM_RED_COINE	data
0x0210c6e0	_ZN3OAM5PAUSEE	data
0x0210c6f0	_ZN3OAM19ARROW_POINTING_LEFTE	data
0x0210c700	_ZN3OAM20ARROW_POINTING_RIGHTE	data
0x0210c710	_ZN3OAM8MM_ARROWE	data
0x0210c718	_ZN3OAM9TINY_STARE	data
0x0210c720	_ZN3OAM26SMALL_ARROW_POINTING_RIGHTE	data
0x0210c728	_ZN3OAM25SMALL_ARROW_POINTING_LEFTE	data
0x0210c754	_ZN3OAM16MM_VS_YOSHI_ICONE	data
0x0210c75c	_ZN3OAM23MM_VS_YELLOW_YOSHI_ICONE	data
0x0210c764	_ZN3OAM21MM_VS_BLUE_YOSHI_ICONE	data
0x0210c76c	_ZN3OAM20MM_VS_RED_YOSHI_ICONE	data
0x0210c774	_ZN3OAM26MM_VS_RED_YOSHI_L_CAP_ICONE	data
0x0210c78c	_ZN3OAM27MM_VS_BLUE_YOSHI_W_CAP_ICONE	data
0x0210c7a4	_ZN3OAM29MM_VS_YELLOW_YOSHI_W_CAP_ICONE	data
0x0210c7bc	_ZN3OAM29MM_VS_YELLOW_YOSHI_M_CAP_ICONE	data
0x0210c7d4	_ZN3OAM27MM_VS_BLUE_YOSHI_M_CAP_ICONE	data
0x0210c7ec	_ZN3OAM26MM_VS_RED_YOSHI_W_CAP_ICONE	data
0x0210c804	_ZN3OAM22MM_VS_YOSHI_L_CAP_ICONE	data
0x0210c81c	_ZN3OAM26MM_VS_RED_YOSHI_M_CAP_ICONE	data
0x0210c834	_ZN3OAM27MM_VS_BLUE_YOSHI_L_CAP_ICONE	data
0x0210c84c	_ZN3OAM22MM_VS_YOSHI_W_CAP_ICONE	data
0x0210c864	_ZN3OAM29MM_VS_YELLOW_YOSHI_L_CAP_ICONE	data
0x0210c87c	_ZN3OAM22MM_VS_YOSHI_M_CAP_ICONE	data
0x0210c894	_ZN3OAM18MM_VS_PLAYER_ICONSE	data
0x0210c8d4	_ZN3OAM18MM_VS_YOSHI_ICON_SE	data
0x0210c8dc	_ZN3OAM25MM_VS_YELLOW_YOSHI_ICON_SE	data
0x0210c8e4	_ZN3OAM23MM_VS_BLUE_YOSHI_ICON_SE	data
0x0210c8ec	_ZN3OAM22MM_VS_RED_YOSHI_ICON_SE	data
0x0210c8f4	_ZN3OAM28MM_VS_RED_YOSHI_L_CAP_ICON_SE	data
0x0210c904	_ZN3OAM29MM_VS_BLUE_YOSHI_W_CAP_ICON_SE	data
0x0210c914	_ZN3OAM31MM_VS_YELLOW_YOSHI_W_CAP_ICON_SE	data
0x0210c924	_ZN3OAM31MM_VS_YELLOW_YOSHI_M_CAP_ICON_SE	data
0x0210c934	_ZN3OAM29MM_VS_BLUE_YOSHI_M_CAP_ICON_SE	data
0x0210c944	_ZN3OAM28MM_VS_RED_YOSHI_W_CAP_ICON_SE	data
0x0210c954	_ZN3OAM24MM_VS_YOSHI_L_CAP_ICON_SE	data
0x0210c964	_ZN3OAM28MM_VS_RED_YOSHI_M_CAP_ICON_SE	data
0x0210c974	_ZN3OAM29MM_VS_BLUE_YOSHI_L_CAP_ICON_SE	data
0x0210c984	_ZN3OAM24MM_VS_YOSHI_W_CAP_ICON_SE	data
0x0210c994	_ZN3OAM31MM_VS_YELLOW_YOSHI_L_CAP_ICON_SE	data
0x0210c9a4	_ZN3OAM24MM_VS_YOSHI_M_CAP_ICON_SE	data
0x0210c9b4	_ZN3OAM20MM_VS_PLAYER_ICONS_SE	data
0x0210c9f4	_ZN3OAM15VS_RED_NUMBER_1E	data
0x0210c9fc	_ZN3OAM15VS_RED_NUMBER_2E	data
0x0210ca04	_ZN3OAM15VS_RED_NUMBER_3E	data
0x0210ca0c	_ZN3OAM14VS_RED_NUMBERSE	data
0x0210ca18	_ZN3OAM7VS_TIMEE	data
0x0210ca20	_ZN3OAM10VS_TIME_UPE	data
0x0210ca38	_ZN3OAM18VS_YELLOW_NUMBER_9E	data
0x0210ca40	_ZN3OAM18VS_YELLOW_NUMBER_8E	data
0x0210ca48	_ZN3OAM18VS_YELLOW_NUMBER_7E	data
0x0210ca50	_ZN3OAM18VS_YELLOW_NUMBER_6E	data
0x0210ca58	_ZN3OAM18VS_YELLOW_NUMBER_5E	data
0x0210ca60	_ZN3OAM18VS_YELLOW_NUMBER_4E	data
0x0210ca68	_ZN3OAM18VS_YELLOW_NUMBER_3E	data
0x0210ca70	_ZN3OAM18VS_YELLOW_NUMBER_2E	data
0x0210ca78	_ZN3OAM18VS_YELLOW_NUMBER_1E	data
0x0210ca80	_ZN3OAM18VS_YELLOW_NUMBER_0E	data
0x0210ca88	_ZN3OAM17VS_YELLOW_NUMBERSE	data
0x0210cad4	_ZN3OAM18MM_STAR_KEY_BRIGHTE	data
0x0210cadc	_ZN3OAM11MM_STAR_KEYE	data
0x0210cae4	_ZN3OAM12MM_STAR_KEYSE	data
0x0210caec	_ZN3OAM13MM_SPIKE_BOMBE	data
0x0210caf4	_ZN3OAM13LC_HIGH_SCOREE	data
0x0210cb14	_ZN3OAM18LC_CONGRATULATIONSE	data
0x0210cb4c	_ZN3OAM8VS_PAUSEE	data
0x0210d210	_ZN3OAM15VS_GET_THE_STARE	data
0x0210d250	_ZN3OAM20VS_NEW_STAR_APPEAREDE	data
0x0210d420	_ZN3OAM5VS_GOE	data
0x0210d9a0	LUIGI_CAP_MODEL_PTR	data
0x0210d9a8	RED_NUMBER_MODEL_PTR	data
0x0210d9b0	POWER_FLOWER_OPEN_MODEL_PTR	data
0x0210d9b8	COIN_YELLOW_POLY32_MODEL_PTR	data
0x0210d9c0	WARIO_CAP_MODEL_PTR	data
0x0210d9c8	COIN_BLUE_POLY32_MODEL_PTR	data
0x0210d9d0	POWER_FLOWER_CLOSED_MODEL_PTR	data
0x0210d9d8	ONE_UP_MUSHROOM_MODEL_PTR	data
0x0210d9e0	BOB_OMB_MODEL_PTR	data
0x0210d9e8	NUMBER_TEXSEQ_PTR	data
0x0210d9f0	SNUFIT_BULLET_MODEL_PTR	data
0x0210d9f8	COIN_RED_POLY32_MODEL_PTR	data
0x0210da00	COIN_BLUE_POLY4_MODEL_PTR	data
0x0210da08	SILVER_NUMBER_TEXSEQ_PTR	data
0x0210da10	WATER_RING_MODEL_PTR	data
0x0210da18	SHELL_MODEL_PTRS	data
0x0210da20	SHELL_RED_MODEL_PTR	data
0x0210da28	SILVER_NUMBER_MODEL_PTR	data
0x0210da30	SUPER_MUSHROOM_MODEL_PTR	data
0x0210da38	BUBBLE_MODEL_PTR	data
0x0210da40	MARIO_CAP_MODEL_PTR	data
0x0210da48	COIN_YELLOW_POLY4_MODEL_PTR	data
0x0210da50	COIN_RED_POLY4_MODEL_PTR	data
0x0210da58	FEATHER_MODEL_PTR	data
0x0210dbc0	ENEMY_DEATH_FUNCS	data
0x0210e3a0	YOSHI_CUBE_EGG_MODEL_PTR	data
0x0210e7d8	YOSHI_EGG_MODEL_PTR	data
0x0210ffec	_ZN6Player13ST_LEDGE_HANGE	data
0x02110004	_ZN6Player13ST_LEDGE_GRABE	data
0x0211001c	_ZN6Player16ST_CEILING_GRATEE	data
0x02110034	_ZN6Player14ST_YOSHI_POWERE	data
0x0211004c	_ZN6Player10ST_SWALLOWE	data
0x02110064	_ZN6Player17ST_IN_YOSHI_MOUTHE	data
0x0211007c	_ZN6Player18ST_SMALL_LAUNCH_UPE	data
0x02110094	_ZN6Player7ST_HURTE	data
0x021100ac	_ZN6Player13ST_HURT_WATERE	data
0x021100c4	_ZN6Player14ST_ELECTROCUTEE	data
0x021100dc	_ZN6Player12ST_BURN_FIREE	data
0x021100f4	_ZN6Player12ST_BURN_LAVAE	data
0x0211010c	_ZN6Player11ST_DEAD_HITE	data
0x02110124	_ZN6Player11ST_DEAD_PITE	data
0x0211013c	_ZN6Player7ST_WALKE	data
0x02110154	_ZN6Player7ST_WAITE	function
0x0211016c	_ZN6Player10ST_GRABBEDE	data
0x02110184	_ZN6Player14ST_TURN_AROUNDE	data
0x0211019c	_ZN6Player7ST_JUMPE	data
0x021101b4	_ZN6Player7ST_FALLE	data
0x021101cc	_ZN6Player9ST_THROWNE	data
0x021101e4	_ZN6Player12ST_SIDE_FLIPE	data
0x021101fc	_ZN6Player21ST_SLIDE_KICK_RECOVERE	data
0x02110214	_ZN6Player6ST_FLYE	data
0x0211022c	_ZN6Player13ST_NO_CONTROLE	data
0x02110244	_ZN6Player6ST_OWLE	function
0x0211025c	_ZN6Player12ST_DEBUG_FLYE	data
0x02110274	_ZN6Player13ST_WIND_CARRYE	data
0x0211028c	_ZN6Player10ST_BALLOONE	data
0x021102a4	_ZN6Player11ST_TELEPORTE	data
0x021102bc	_ZN6Player15ST_TORNADO_SPINE	data
0x021102d4	_ZN6Player9ST_CANNONE	data
0x021102ec	_ZN6Player9ST_SQUISHE	data
0x02110304	_ZN6Player8ST_SHELLE	data
0x0211031c	_ZN6Player16ST_STOMACH_SLIDEE	data
0x02110334	_ZN6Player13ST_BUTT_SLIDEE	data
0x0211034c	_ZN6Player14ST_DIZZY_STARSE	data
0x02110364	_ZN6Player13ST_HOLD_LIGHTE	data
0x0211037c	_ZN6Player7ST_BONKE	data
0x02110394	_ZN6Player13ST_HOLD_HEAVYE	data
0x021103ac	_ZN6Player13ST_WALL_SLIDEE	data
0x021103c4	_ZN6Player20ST_BOWSER_EARTHQUAKEE	data
0x021103dc	_ZN6Player12ST_WALL_JUMPE	data
0x021103f4	_ZN6Player13ST_SLOPE_JUMPE	data
0x0211040c	_ZN6Player18ST_STUCK_IN_GROUNDE	data
0x02110424	_ZN6Player7ST_LANDE	data
0x0211043c	_ZN6Player10ST_ON_WALLE	data
0x02110454	_ZN6Player7ST_SPINE	data
0x0211046c	_ZN6Player7ST_TALKE	data
0x02110484	_ZN6Player15ST_CRAZED_CRATEE	data
0x0211049c	_ZN6Player17ST_WAIT_QUICKSANDE	data
0x021104b4	_ZN6Player14ST_LEVEL_ENTERE	data
0x021104cc	_ZN6Player17ST_JUMP_QUICKSANDE	data
0x021104e4	_ZN6Player9ST_CROUCHE	data
0x021104fc	_ZN6Player10ST_RESPAWNE	data
0x02110514	_ZN6Player8ST_CRAWLE	data
0x0211052c	_ZN6Player12ST_BACK_FLIPE	data
0x02110544	_ZN6Player18ST_OPENING_WAKE_UPE	data
0x0211055c	_ZN6Player12ST_LONG_JUMPE	data
0x02110574	_ZN6Player13ST_PUNCH_KICKE	data
0x0211058c	_ZN6Player13ST_ENDING_FLYE	data
0x021105a4	_ZN6Player15ST_GROUND_POUNDE	data
0x021105bc	_ZN6Player7ST_DIVEE	data
0x021105d4	_ZN6Player8ST_THROWE	data
0x021105ec	_ZN6Player19ST_GRAB_BOWSER_TAILE	data
0x02110604	_ZN6Player15ST_SWING_PLAYERE	data
0x0211061c	_ZN6Player13ST_SWEEP_KICKE	data
0x02110634	_ZN6Player13ST_SLIDE_KICKE	data
0x0211064c	_ZN6Player14ST_CAMERA_ZOOME	data
0x02110664	_ZN6Player7ST_NULLE	data
0x0211067c	_ZN6Player7ST_SWIME	data
0x02110694	_ZN6Player13ST_WATER_JUMPE	data
0x021106ac	_ZN6Player21ST_METAL_WATER_GROUNDE	data
0x021106c4	_ZN6Player20ST_METAL_WATER_WATERE	data
0x021106dc	_ZN6Player8ST_CLIMBE	data
0x021106f4	_ZN6Player12ST_HEADSTANDE	data
0x0211070c	_ZN6Player12ST_POLE_JUMPE	data
0x02110724	_ZN6Player17ST_HEADSTAND_JUMPE	data
0x02110844	CHANGE_CAP_TOON_COLORS	data
0x0211094c	POWER_STAR_MODEL_PTR	data
0x0211095c	TRANSPARENT_STAR_MODEL_PTR	data
0x02110aec	WATERFALL_SOUNDS_DISABLED	data
0x02110af0	ENDLESS_STAIRS_FOG_AREA_ID	data
0x02110af8	ENDLESS_STAIRS_FOG_PTR	data
0x02111144	START_INTRO_MINIMAP_ZOOM	function
0x02111148	CUR_MINIMAP_ID	data
0x0211114c	INTRO_MINIMAP_ZOOMING	data
0x02111150	EXIT_COURSE_VS_MODE	data
0x02111178	LIFE_STAR_COUNTER_STATE	data
0x0211117c	RENDERED_HEALTH	data
0x02111180	ZOOM_CAMERA_BUTTON_ACTIVE_TIMER	data
0x02111184	DISPLAY_TIMER	data
0x02111188	VS_MODE_TIMER_TIMER	data
0x0211118c	NEXT_DEATH_TABLE_ID	data
0x021310cc	UnloadKeyModels	function
0x02131114	LoadKeyModels	function
0x02132894	KEY_MODEL_PTRS	function
0x02132c50	BOWSER_KEY_MODEL_PTR	data
0x02148724	DOOR_STAR_1_MODEL_PTR	data
0x0214872c	DOOR_STAR_3_MODEL_PTR	data
0x02148734	BBH_HAUNTED_DOOR_MODEL_PTR	data
0x0214873c	DOOR_STAR_0_MODEL_PTR	data
0x02148744	DOOR_OPEN_ANIM_PTR	data
0x0214874c	RUSTED_METAL_DOOR_MODEL_PTR	data
0x02148754	HMC_STONE_DOOR_MODEL_PTR	data
0x0214875c	REGULAR_DOOR_MODEL_PTR	data
0x02148764	DOOR_STAR_8_MODEL_PTR	data
0x0214876c	OLD_WOOD_DOOR_MODEL_PTR	data
0x02148774	REGULAR_DOOR_1_MODEL_PTR	data
0x0214877c	DOOR_KEY_HOLE_MODEL_PTR	data
0x02148934	STAR_DOOR_MODEL_PTR	data
0x0214eb00	CLPS_BLOCK_PTR	data
0x023c3ff8	_ZN3IRQ12IRQCheckBitsE	data
0x023c3ffc	_ZN3IRQ14UserIRQAddressE	data
0x023c4000	UNUSED_RAM	data
0x023ffda0	_ZN6Memory17nextRootHeapStartE	data
0x023ffdc4	_ZN6Memory11rootHeapEndE	data
0x027ffe60	ROMCTRL_SETTINGS	data
0x04000000	reg_GX_DISPCNT	data
0x04000004	reg_GX_DISPSTAT	data
0x04000006	reg_GX_VCOUNT	data
0x04000008	reg_G2_BG0CNT	data
0x0400000a	reg_G2_BG1CNT	data
0x0400000c	reg_G2_BG2CNT	data
0x0400000e	reg_G2_BG3CNT	data
0x04000010	reg_G2_BG0OFS	data
0x04000014	reg_G2_BG1OFS	data
0x04000018	reg_G2_BG2OFS	data
0x0400001c	reg_G2_BG3OFS	data
0x04000020	reg_G2_BG2PA	data
0x04000022	reg_G2_BG2PB	data
0x04000024	reg_G2_BG2PC	data
0x04000026	reg_G2_BG2PD	data
0x04000028	reg_G2_BG2X	data
0x0400002c	reg_G2_BG2Y	data
0x04000030	reg_G2_BG3PA	data
0x04000032	reg_G2_BG3PB	data
0x04000034	reg_G2_BG3PC	data
0x04000036	reg_G2_BG3PD	data
0x04000038	reg_G2_BG3X	data
0x0400003c	reg_G2_BG3Y	data
0x04000050	reg_GX_BLDCNT	data
0x04000060	reg_G3X_DISP3DCNT	data
0x04000130	reg_KEYINPUT	data
0x04000210	reg_OS_IE	data
0x04000214	reg_OS_IF	data
0x04000304	reg_GX_POWCNT	data
0x04000358	reg_G3X_FOG_COLOR	data
0x04000440	GXPORT_MATRIX_MODE	data
0x04000458	GXPORT_MTX_LOAD_4x4	data
0x0400045c	GXPORT_MTX_LOAD_4x3	data
0x040004c8	GXPORT_LIGHT_VECTOR	data
0x040004cc	GXPORT_LIGHT_COLOR	data
0x04001000	reg_GXS_DB_DISPCNT	data
0x04001008	reg_G2S_DB_BG0CNT	data
0x0400100a	reg_G2S_DB_BG1CNT	data
0x0400100c	reg_G2S_DB_BG2CNT	data
0x0400100e	reg_G2S_DB_BG3CNT	data
0x04001030	reg_G2S_DB_BG3PA	data
0x04001050	reg_GXs_BLDCNT	data
0x05000000	bgPalette	data
0x05000200	objPalette	data
0x05000400	bgPaletteSub	data
0x05000600	objPaletteSub	data
0x06000000	bgTiles	data
0x06200000	bgTilesSub	data
0x06400000	objTiles	data
0x06600000	objTilesSub	data
